feature	metadata	value	coef	stderr	N	N.not.0	pval	qval
Saccharimonadales.Genus	Treatment	Exposed	5.8412153331422	0.540932712994996	89	58	1.11489510778804e-17	5.08392169151346e-15
Planctomycetales.Genus	Treatment	Exposed	4.52511785378216	0.447715696307939	89	33	2.76283850698264e-16	6.29927179592042e-14
Gemmataceae.Genus	Treatment	Exposed	6.22574904376471	0.646203562152953	89	68	2.51668897508145e-15	3.8253672421238e-13
Clostridium.sensu.stricto.3	Treatment	Exposed	3.42119119290958	0.363940950643973	89	32	7.52911742567983e-15	8.583193865275e-13
CL500.3	Treatment	Exposed	-4.53471093868129	0.504073281603087	89	57	5.01127248491203e-14	4.57028050623977e-12
JG30.KF.CM45.Genus	Treatment	Exposed	4.68692149533123	0.547743269952837	89	42	3.92824465336097e-13	2.56626811424819e-11
Chitinibacter	Treatment	Exposed	3.81196287475966	0.445521742072393	89	31	3.93944666660906e-13	2.56626811424819e-11
Gemmata	Treatment	Exposed	2.7182540176199	0.321187393948025	89	31	6.08909520525902e-13	3.47078426699764e-11
NB1.j.Genus	Treatment	Exposed	2.65952073836846	0.330354939912939	89	31	4.18193406373781e-12	1.99172621359351e-10
Steroidobacteraceae.Genus	Treatment	Exposed	3.34978749820617	0.416580244973969	89	29	4.36782064384542e-12	1.99172621359351e-10
Telmatocola	Treatment	Exposed	2.76184659979514	0.346113425230168	89	30	5.81735689424168e-12	2.41155885797655e-10
Pir4.lineage	Treatment	Exposed	3.81752969975784	0.480495408925099	89	35	6.83372220081092e-12	2.59681443630815e-10
Alphaproteobacteria.Genus	Treatment	Exposed	2.03078455770507	0.261984392439644	89	29	1.67780769159193e-11	5.88523313358401e-10
PeM15.Genus	Treatment	Exposed	-4.28502408413781	0.595918066453816	89	78	2.22257981037051e-10	7.18175295580291e-09
Methyloligellaceae.Genus	Treatment	Exposed	1.55894391350124	0.21720539666733	89	26	2.36241873546148e-10	7.18175295580291e-09
Sandaracinaceae.Genus	Treatment	Exposed	2.9628939124136	0.433077008052849	89	25	1.08719038121328e-09	3.09849258645784e-08
Planctomycetes.Genus	Treatment	Exposed	1.97156296866797	0.292578747718176	89	30	1.72948499110726e-09	4.63908915261713e-08
IMCC26207	Treatment	Exposed	-3.51818317305479	0.530942335688756	89	72	2.86348998461216e-09	6.87237596306919e-08
Iamia	Treatment	Exposed	2.79898935148336	0.422091896206979	89	64	2.80089835360158e-09	6.87237596306919e-08
Aeromonas	Treatment	Exposed	2.21991162842078	0.356544781145368	89	89	1.69163612030918e-08	3.85693035430494e-07
NS9.marine.group.Genus	Treatment	Exposed	1.68604040023396	0.27722722804754	89	23	3.18277164045704e-08	6.911161276421e-07
Phreatobacter	Treatment	Exposed	-1.72155176309216	0.287428916282932	89	87	4.7547379922707e-08	9.85527511125199e-07
Xanthobacteraceae.Genus	Treatment	Exposed	1.53691126416101	0.280797743019448	89	27	4.29207874639392e-07	8.50951264502448e-06
Acidimicrobiia.Genus	Treatment	Exposed	-1.14430450092923	0.221395812814683	89	21	1.5125325370691e-06	2.87381182043128e-05
Chitinilyticum	Treatment	Exposed	-2.3669671222048	0.464127727559336	89	77	2.00059403028137e-06	3.64908351123321e-05
X67.14.Genus	Treatment	Exposed	2.13859737042795	0.425978102291577	89	75	2.7566704647992e-06	4.83477589210936e-05
Shewanella	Pathology.Results	positive	3.00601352422752	0.601916517254321	89	8	3.0648065977512e-06	5.17611780953537e-05
Bauldia	Treatment	Exposed	0.974964533244418	0.200008082303073	89	17	4.93589691408579e-06	8.038460688654e-05
Roseomonas	Treatment	Exposed	-1.71737733479421	0.358856592071638	89	78	7.01192448917834e-06	0.000110256467829839
Tabrizicola	Treatment	Exposed	-1.20972347868304	0.266395916222095	89	78	1.81013184051175e-05	0.000275140039757787
SH3.11	Treatment	Exposed	-1.67077588791446	0.386333262864044	89	83	4.09538331954119e-05	0.000602417675390575
Conexibacter	Treatment	Exposed	0.976817618500262	0.227455597545184	89	15	4.58096173694493e-05	0.000652787047514653
Rhodococcus	Treatment	Exposed	-2.14276326897211	0.512494234134362	89	64	6.95586478611691e-05	0.000961174043172519
Agromyces	Treatment	Exposed	0.791504736563472	0.193719848028142	89	13	9.82642576444034e-05	0.00131789710252494
Blastopirellula	Treatment	Exposed	1.1002313858588	0.270438099257521	89	14	0.000104649765388074	0.00136343694334176
Rhodovarius	Treatment	Exposed	0.897223975238605	0.224426977729862	89	13	0.000134655093020791	0.00170563117826336
Flavihumibacter	Treatment	Exposed	-1.39471832686566	0.352009836166866	89	72	0.00015283498119982	0.00188358787640859
Mycobacterium	Treatment	Exposed	-1.30305239858342	0.332380668833058	89	87	0.00017711905742917	0.00212542868915004
Vampirovibrionaceae.Genus	Treatment	Exposed	1.42926187312585	0.366147311914698	89	14	0.000187915536357579	0.00214223711447641
Candidatus.Megaira	Treatment	Exposed	0.657234080044361	0.168126254034309	89	13	0.000184223604180223	0.00214223711447641
CCM19a.Genus	Treatment	Exposed	0.815431598874836	0.210368209043498	89	13	0.000206763645783783	0.00229961518237574
Pseudorhodoplanes	Treatment	Exposed	-1.391312220418	0.360230163581732	89	79	0.000217058019730092	0.00235662992849814
Ohtaekwangia	Treatment	Exposed	1.07239111791298	0.281698545446364	89	12	0.000263084201956695	0.00278991618819193
SM1A02	Treatment	Exposed	0.799905010008359	0.212891007842646	89	12	0.000311979219345111	0.00323323918230388
Crenobacter	Treatment	Exposed	1.27734050637905	0.341296542479844	89	78	0.000328120064902637	0.00332494999101338
Barnesiellaceae.Genus	Treatment	Exposed	-3.07874078033851	0.833229604185125	89	53	0.000385958759949514	0.00382602596819518
OM60.NOR5..clade	Treatment	Exposed	0.918533374777913	0.249139700221627	89	14	0.000396743198610312	0.00384925316098516
Candidatus.Alysiosphaera	Treatment	Exposed	1.48807862707363	0.408929973056858	89	34	0.000466289190318445	0.00442974730802523
Candidatus.Obscuribacter	Treatment	Exposed	1.06747227100345	0.299533468508256	89	11	0.000599336738737546	0.00557750107886369
Gordonia	Treatment	Exposed	-1.29484454137508	0.3822048778184	89	87	0.00106461077774182	0.00970925029300542
Aetherobacter	Treatment	Exposed	0.782932659287106	0.235186701759655	89	10	0.00128479252460165	0.0114875566905559
Frankiales.Genus	Treatment	Exposed	1.12607547683828	0.338965922080815	89	28	0.00131321623108227	0.0115158961802599
Comamonadaceae.Genus	Treatment	Exposed	1.01755995836271	0.312374711553457	89	25	0.00160979047323157	0.0138502727508226
Aurantisolimonas	Treatment	Exposed	-1.69457397093312	0.5258566071265	89	78	0.00179560610559324	0.0151628960027873
Rickettsiaceae.Genus	Treatment	Exposed	0.471106227165925	0.147755149260631	89	9	0.00199565857544508	0.0165458238255083
Longivirga	Treatment	Exposed	1.13822351265243	0.358854909117432	89	77	0.00210050570837392	0.0171041179110447
Rhizobiales.Incertae.Sedis.Genus	Pathology.Results	positive	-4.14684427555765	1.34039463519884	89	86	0.00266601693029843	0.0213281354423874
Beijerinckiaceae.Genus	Treatment	Exposed	1.04999151936709	0.347671737609553	89	37	0.00332674507558278	0.0261550992149267
Rhodobacteraceae.Genus	Treatment	Exposed	0.463006920693748	0.162247400677171	89	8	0.00541290707592542	0.0418353496037626
Microtrichales.Genus	Pathology.Results	positive	-4.4862367262054	1.58662678048191	89	85	0.00583404673892128	0.0443387552158017
Ilumatobacteraceae.Genus	Treatment	Exposed	0.23253734283984	0.0826268934324195	89	7	0.00605805022399654	0.045286408231843
Paludibaculum.Genus	Treatment	Exposed	0.382485846366882	0.13699797947775	89	7	0.00645544641160932	0.0474787671563524
Pedomicrobium	Treatment	Exposed	-1.25254281649048	0.45151041738885	89	37	0.00678797601662124	0.0491320168822109
Pirellula	Treatment	Exposed	-0.673206371130441	0.247004147766654	89	86	0.00777837902799535	0.0554209505744669
OLB12	Treatment	Exposed	0.497957396120632	0.184810094854337	89	7	0.00847807377746277	0.0588163406774775
Oikopleura	Treatment	Exposed	0.368574662238299	0.136866828165973	89	7	0.00851289141384543	0.0588163406774775
TM7a	Treatment	Exposed	0.473452439912857	0.180384253227144	89	7	0.0102622142582106	0.0698443239066272
Amnipila	Pathology.Results	positive	0.872290273054196	0.343911337806203	89	4	0.0130064820088195	0.0872199381767897
X0319.6G20.Genus	Treatment	Exposed	0.35887487753578	0.14244116152624	89	8	0.0136022006422199	0.0898928042442358
Isosphaeraceae.Genus	Treatment	Exposed	0.328247120605769	0.131617783809766	89	6	0.0145470533409849	0.0947636617641302
Thermoactinomycetaceae.Genus	Treatment	Exposed	0.239710838897766	0.0963521669649329	89	6	0.0147807074781613	0.0949296142259373
X67.14.Genus	Pathology.Results	positive	-4.99892325397825	2.02059155489636	89	75	0.0153263741148197	0.095737350635038
Babeliaceae.Genus	Treatment	Exposed	0.241178333611018	0.0973861514361404	89	6	0.0152256945108421	0.095737350635038
Pajaroellobacter	Treatment	Exposed	0.832471055250846	0.338246800180169	89	20	0.0158480899043419	0.09765849995108
Dechloromonas	Treatment	Exposed	0.446293051191554	0.183012313100852	89	6	0.0168013112506256	0.102151972403804
Gemmobacter	Treatment	Exposed	0.457741420700554	0.188759062242325	89	86	0.0174005924224576	0.104403554534746
alphaI.cluster	Treatment	Exposed	-0.779613982130282	0.323634722925344	89	53	0.0181337612008436	0.107389546851749
Plesiomonas	Treatment	Exposed	-0.583916346159404	0.246737823674858	89	88	0.0202009972335231	0.118098137672904
Candidatus.Protochlamydia	Treatment	Exposed	0.63428603905067	0.269869879746647	89	22	0.0210450624198577	0.121475297005761
Rhodopirellula	Treatment	Exposed	0.217276004387699	0.0940498365682729	89	5	0.0232705124376144	0.132641920894402
Desulfobacterota.Genus	Treatment	Exposed	0.185945601059443	0.0827814902310062	89	5	0.0272521617590601	0.153419577310264
Clostridium.sensu.stricto.5	Treatment	Exposed	0.425921925448599	0.192475925748087	89	5	0.0295560541682189	0.160447151198903
Dinghuibacter	Treatment	Exposed	-0.719432654411416	0.324356321538052	89	87	0.0291879848802401	0.160447151198903
Subgroup.17.Genus	Treatment	Exposed	0.291002379593918	0.13132175117918	89	5	0.0293356380394188	0.160447151198903
Methanobacteriaceae.Genus	Treatment	Exposed	0.330982309289016	0.15373108627202	89	5	0.0341191513360836	0.183039211873578
Cytophagales.Genus	Treatment	Exposed	0.491697773319527	0.230050494765559	89	8	0.0354085724338309	0.184620082128979
A0839.Genus	Treatment	Exposed	0.215323512817575	0.100547818256206	89	5	0.0350620187154656	0.184620082128979
Pseudomonas	Treatment	Exposed	0.958190994742293	0.44980652036094	89	83	0.036008962224578	0.184620082128979
Nitrospira	Treatment	Exposed	0.278546602092627	0.130776564584561	89	5	0.0360333055032437	0.184620082128979
Cytophaga	Treatment	Exposed	0.240460930540532	0.113206111330919	89	5	0.0365331414280125	0.18510124990193
SH3.11	Pathology.Results	positive	-3.83987065523497	1.83253956980239	89	83	0.0390773674972107	0.195816259106902
Lachnoclostridium	Treatment	Exposed	0.297836196909536	0.14671377555038	89	6	0.0454419795914036	0.223129216436999
Reyranella	Treatment	Exposed	0.861185922645114	0.424349241046995	89	46	0.0455066165101774	0.223129216436999
Alsobacter	Treatment	Exposed	0.796530265379716	0.396820145526251	89	33	0.0478596373258502	0.232170155538167
Aquicella	Treatment	Exposed	0.156424980310509	0.0788898502378047	89	4	0.0505783224232007	0.242775947631363
SC.I.84.Genus	Treatment	Exposed	0.255774682471001	0.129360139693282	89	4	0.0512188746539908	0.243289654606456
SH.PL14	Treatment	Exposed	0.877423869601947	0.45726677169136	89	85	0.0583210097902879	0.274168870766714
Methanosarcina	Treatment	Exposed	0.165782388422097	0.0873788714957302	89	4	0.0611465188618661	0.284518495928683
Paraclostridium	Pathology.Results	positive	-2.49915623579751	1.35568693440039	89	88	0.0687061090987354	0.316464502515387
Pir4.lineage	Pathology.Results	positive	-4.17434703568768	2.27918984618597	89	35	0.0704876065691996	0.32142348595555
Rhodovastum	Treatment	Exposed	0.710654130922381	0.392991781107418	89	27	0.0740523453249974	0.334335341269295
Clostridium.sensu.stricto.12	Treatment	Exposed	0.0912417704834828	0.0509894518993212	89	3	0.0770667993597389	0.341188936971271
Saprospiraceae.Genus	Treatment	Exposed	0.179273653474533	0.100038612254498	89	5	0.0766427733336767	0.341188936971271
KD4.96.Genus	Treatment	Exposed	0.671544213765626	0.382468159620828	89	33	0.0826800145653852	0.342845127550438
Amnipila	Treatment	Exposed	0.127709726945805	0.0725028760415451	89	4	0.081717440129423	0.342845127550438
env.OPS.17.Genus	Treatment	Exposed	0.425700046770236	0.241355067123221	89	11	0.0813184726262116	0.342845127550438
Nordella	Treatment	Exposed	0.103518646549433	0.058691348173854	89	3	0.0813203853045918	0.342845127550438
Tabrizicola	Pathology.Results	positive	-2.24512809504877	1.26362678194383	89	78	0.0791482035013234	0.342845127550438
Achromobacter	Treatment	Exposed	0.270810667593741	0.153603175627176	89	7	0.0814436620511944	0.342845127550438
Diplorickettsiaceae.Genus	Treatment	Exposed	0.088652363129789	0.0505464870555448	89	3	0.0830139892185578	0.342845127550438
Legionella	Treatment	Exposed	-0.938435909443214	0.535844165366987	89	50	0.0834557218379356	0.342845127550438
Lysinibacillus	Treatment	Exposed	0.101074734801113	0.0584495924361592	89	3	0.0873500006781348	0.355639288475263
Anaerospora	Treatment	Exposed	0.11578761999896	0.0672866881030816	89	3	0.0888813010745598	0.358671445044241
Leucobacter	Treatment	Exposed	0.285520188880544	0.167913920048581	89	4	0.0926702392053702	0.370680956821481
Steroidobacteraceae.Genus	Pathology.Results	positive	-3.34978749820617	1.97601360352298	89	29	0.0936507170040255	0.371345451772484
Peptostreptococcaceae.Genus	Treatment	Exposed	0.146874075562872	0.087595350003944	89	3	0.0972261426972747	0.382199319568597
Planctomycetales.Genus	Pathology.Results	positive	-3.52511785378217	2.12370201681199	89	33	0.100578330204598	0.391997594643561
Pedosphaeraceae.Genus	Treatment	Exposed	0.430597740387989	0.261175757264482	89	7	0.102859845363724	0.395617762212738
Martelella	Treatment	Exposed	0.194154519655526	0.118196918313435	89	3	0.104109937424405	0.395617762212738
Gemmobacter	Pathology.Results	positive	-1.47386384178271	0.895362848524855	89	86	0.10339148521877	0.395617762212738
Neochlamydia	Pathology.Results	positive	-2.85713314745675	1.74413176066459	89	79	0.105046195178745	0.395876570260394
Thermoleophilia.Genus	Treatment	Exposed	0.12688296988722	0.0779652471167701	89	3	0.10730435230736	0.401072005345541
PeM15.Genus	Pathology.Results	positive	-4.57063125917062	2.82668758325646	89	78	0.109550086139544	0.406136904712457
Crenobacter	Pathology.Results	positive	2.60712190772366	1.61891164766508	89	78	0.110971554278447	0.408088941540096
Clostridium.sensu.stricto.18	Treatment	Exposed	0.111795552938654	0.0699186055760242	89	3	0.113501974090334	0.413213049732892
Candidatus.Berkiella	Treatment	Exposed	-0.144198965546914	0.0905847074678575	89	3	0.115083459026485	0.413213049732892
Chitinibacter	Pathology.Results	positive	3.36416201786479	2.11329517811224	89	31	0.115075641003642	0.413213049732892
Aurantisolimonas	Pathology.Results	positive	-3.95421757720307	2.49435690175211	89	78	0.116576498811084	0.415303777014485
Microtrichales.Genus	Treatment	Exposed	-0.516987950678869	0.334490294862856	89	85	0.125873466686128	0.444948068285849
Methyloligellaceae.Genus	Pathology.Results	positive	-1.55894391350124	1.03029566032366	89	26	0.133919806317708	0.469749474468269
Gaiellales.Genus	Pathology.Results	positive	-2.18350744098982	1.48910832329704	89	66	0.146208582183605	0.501286567486646
Gammaproteobacteria.Genus	Treatment	Exposed	-0.589165976140534	0.401689260792827	89	28	0.14609936619498	0.501286567486646
Pirellulaceae.Genus	Pathology.Results	positive	-3.59207103942167	2.44906313089772	89	72	0.146101660283342	0.501286567486646
Bacteroidia.Genus	Treatment	Exposed	0.0527252492293791	0.0362594784440646	89	2	0.149555875363628	0.505743848375329
Gemmatimonadaceae.Genus	Treatment	Exposed	0.0529316075819784	0.0364168625987583	89	2	0.14972679721638	0.505743848375329
Flavobacterium	Treatment	Exposed	0.0541887497746973	0.0373848407178918	89	2	0.150839246458085	0.505755120477108
Sandaracinaceae.Genus	Pathology.Results	positive	-2.9628939124136	2.05426462154713	89	25	0.152846002096884	0.508742897490357
Luteimonas	Treatment	Exposed	0.0581261320343004	0.040508091393115	89	2	0.154934831853275	0.511958574819518
Cetobacterium	Treatment	Exposed	-0.337837744612634	0.237372157025738	89	88	0.15828405655481	0.515553784207097
Stenotrophomonas	Treatment	Exposed	0.326605047231032	0.22936077298927	89	3	0.158070695520957	0.515553784207097
Caldilineaceae.Genus	Treatment	Exposed	0.0682528441445421	0.0490165731571975	89	2	0.167377828467443	0.534028284017813
Bacillus	Pathology.Results	positive	-2.21272128191229	1.58943794447536	89	80	0.167469396084533	0.534028284017813
Pseudorhodobacter	Treatment	Exposed	0.067632815812244	0.0484804834280463	89	2	0.166592510653209	0.534028284017813
Rubrivivax	Pathology.Results	positive	-2.160333902967	1.57247692089635	89	79	0.173061341331585	0.545789762053052
Schlesneria	Treatment	Exposed	0.0731687185094582	0.0533199140468655	89	2	0.173551569073887	0.545789762053052
Nakamurella	Treatment	Exposed	0.0769602501773931	0.0566939836150655	89	2	0.178184257334281	0.553420543663847
Glutamicibacter	Treatment	Exposed	0.601430166287006	0.444147388570448	89	23	0.179244725501144	0.553420543663847
Candidatus.Ovatusbacter	Treatment	Exposed	-0.0596176211445911	0.0440650344678823	89	2	0.179618948382126	0.553420543663847
Marmoricola	Treatment	Exposed	0.0804759184901013	0.0598575783790273	89	2	0.182336317854887	0.558022556656567
IMCC26207	Pathology.Results	positive	-3.32343367866225	2.51848063047926	89	72	0.190464656208002	0.569150309699351
ZOR0006	Treatment	Exposed	-0.609431165865463	0.461378506901045	89	83	0.19004141826219	0.569150309699351
Sutterellaceae.Genus	Pathology.Results	positive	-1.9617397199282	1.48768063742015	89	86	0.190784860383489	0.569150309699351
Aeromonas	Pathology.Results	positive	2.22925115623912	1.69124039439843	89	89	0.190964906543861	0.569150309699351
Rubrivivax	Treatment	Exposed	-0.433359333225323	0.331507242538726	89	79	0.194615764502169	0.576264861123307
Flavihumibacter	Pathology.Results	positive	-2.15304889453776	1.66972926160502	89	72	0.20069544035008	0.590433037417008
NS9.marine.group.Genus	Pathology.Results	positive	-1.68604040023397	1.31500420506771	89	23	0.203233490991069	0.594067127512357
Pirellula	Pathology.Results	positive	-1.48853545130087	1.17164354767713	89	86	0.207344311052582	0.602222967133614
Cellvibrio	Treatment	Exposed	0.108890152014391	0.0861944042465229	89	2	0.209892348326347	0.605765258460849
Xanthobacteraceae.Genus	Pathology.Results	positive	-1.67424025784903	1.33194064466415	89	27	0.212159314029876	0.608456900613983
Exiguobacterium	Treatment	Exposed	-0.226975314138415	0.181387719538971	89	3	0.21420847768978	0.610494161415873
X0319.6G20.Genus	Pathology.Results	positive	0.840122882285294	0.675657754474298	89	8	0.217093980988552	0.614874877830931
Paraclostridium	Treatment	Exposed	-0.349473722504967	0.285803900455766	89	88	0.224755247735654	0.632644401033694
Nocardioides	Treatment	Exposed	0.322640708184188	0.267268134093422	89	29	0.230672682512423	0.641501187842432
Parachlamydiaceae.Genus	Treatment	Exposed	0.325447816425348	0.269618349514224	89	29	0.230715339487191	0.641501187842432
Vampirovibrio	Treatment	Exposed	0.145811460783573	0.121373274778777	89	2	0.232914553141874	0.643691128682997
Sutterellaceae.Genus	Treatment	Exposed	0.372569576613735	0.313630616345252	89	86	0.238133482021317	0.654149806034461
Pseudomonadales.Genus	Treatment	Exposed	0.232034158338384	0.199259621484628	89	8	0.247449074599467	0.675669329445253
Geobacillus	Treatment	Exposed	-0.138993954596051	0.121123034894215	89	2	0.254339374908577	0.688874986861143
Dinghuibacter	Pathology.Results	positive	-1.76194278603868	1.53855712430126	89	87	0.255306738551608	0.688874986861143
Reyranella	Pathology.Results	positive	-2.23086728721078	2.01286518760848	89	46	0.270820344197829	0.726435746789471
Shewanella	Treatment	Exposed	0.139751864667754	0.126895143719979	89	8	0.273831277911446	0.730216741097188
Armatimonadota.Genus	Treatment	Exposed	-0.209393782670508	0.19235564952176	89	2	0.279382004020046	0.740687173448494
Frankiales.Genus	Pathology.Results	positive	-1.6269758672081	1.60785654443181	89	28	0.314428596320228	0.743920715810991
Nocardia	Pathology.Results	positive	-3.11657214207925	2.91203577098637	89	82	0.287506619013298	0.743920715810991
Mycobacterium	Pathology.Results	positive	-1.56942502432345	1.5766199455839	89	87	0.322316630020439	0.743920715810991
Microtrichaceae.Genus	Treatment	Exposed	-0.022222222222221	0.0227390180878553	89	1	0.33117523094215	0.743920715810991
Geothermomicrobium	Treatment	Exposed	0.0232558139534884	0.0227269964015338	89	1	0.309050817560127	0.743920715810991
Weissella	Treatment	Exposed	-0.0222222222222246	0.0227390180878553	89	1	0.331175230942073	0.743920715810991
Carnobacterium	Treatment	Exposed	-0.0222222222222253	0.0227390180878553	89	1	0.331175230942057	0.743920715810991
Vagococcus	Treatment	Exposed	-0.0222222222222229	0.0227390180878553	89	1	0.331175230942109	0.743920715810991
Haliscomenobacter	Treatment	Exposed	0.0232558139534851	0.0227269964015338	89	1	0.309050817560196	0.743920715810991
Hassallia	Treatment	Exposed	-0.0222222222222236	0.0227390180878553	89	1	0.331175230942093	0.743920715810991
Defluviicoccales.Genus	Treatment	Exposed	-0.0222222222222212	0.0227390180878553	89	1	0.331175230942145	0.743920715810991
Polymorphobacter	Treatment	Exposed	0.0232558139534851	0.0227269964015338	89	1	0.309050817560197	0.743920715810991
Magnetospirillum	Treatment	Exposed	0.0232558139534843	0.0227269964015338	89	1	0.309050817560212	0.743920715810991
Pseudochrobactrum	Treatment	Exposed	-0.0715999508877101	0.0718637545273124	89	3	0.321885383132796	0.743920715810991
Allorhizobium.Neorhizobium.Pararhizobium.Rhizobium	Treatment	Exposed	0.150158933273147	0.152302303488051	89	12	0.326934741414976	0.743920715810991
Shinella	Treatment	Exposed	-0.0987848267444633	0.0953070282650948	89	3	0.302879021311804	0.743920715810991
Bauldia	Pathology.Results	positive	-0.974964533244415	0.94872163578019	89	17	0.306990926922414	0.743920715810991
Aminobacter	Treatment	Exposed	0.023255813953488	0.0227269964015338	89	1	0.309050817560136	0.743920715810991
Paracoccus	Treatment	Exposed	0.0232558139534907	0.0227269964015338	89	1	0.309050817560081	0.743920715810991
Blfdi19.Genus	Treatment	Exposed	0.0232558139534865	0.0227269964015338	89	1	0.309050817560167	0.743920715810991
AAP99	Treatment	Exposed	0.0232558139534877	0.0227269964015338	89	1	0.309050817560143	0.743920715810991
Curvibacter	Treatment	Exposed	-0.0222222222222214	0.0227390180878553	89	1	0.331175230942142	0.743920715810991
A21b.Genus	Treatment	Exposed	-0.022222222222222	0.0227390180878553	89	1	0.331175230942129	0.743920715810991
Nitrosomonadaceae.Genus	Treatment	Exposed	0.0232558139534944	0.0227269964015338	89	1	0.309050817560004	0.743920715810991
Citrobacter	Treatment	Exposed	0.38757125311299	0.360409421279451	89	15	0.285219580412997	0.743920715810991
Coxiella	Treatment	Exposed	0.0232558139534906	0.0227269964015338	89	1	0.309050817560081	0.743920715810991
Vicinamibacteraceae.Genus	Treatment	Exposed	0.0232558139534932	0.0227269964015338	89	1	0.309050817560029	0.743920715810991
Simkania	Treatment	Exposed	0.023255813953488	0.0227269964015337	89	1	0.309050817560136	0.743920715810991
X11.24.Genus	Treatment	Exposed	-0.0222222222222199	0.0227390180878553	89	1	0.331175230942174	0.743920715810991
Schlesneriaceae.Genus	Treatment	Exposed	0.0232558139534899	0.0227269964015338	89	1	0.309050817560096	0.743920715810991
Tundrisphaera	Pathology.Results	positive	-3.20665835512003	3.26008872309668	89	53	0.328066091201837	0.743920715810991
Longivirga	Pathology.Results	positive	-1.62756259068041	1.70219829351571	89	77	0.341674878429786	0.758891815014356
Brevibacterium	Treatment	Exposed	-0.091875817488338	0.0966554937069808	89	5	0.344496942342043	0.758891815014356
Cloacibacterium	Pathology.Results	positive	-2.6651178625634	2.79182699458216	89	48	0.342448428991176	0.758891815014356
Phaselicystis	Treatment	Exposed	0.149286668890645	0.156629978093968	89	4	0.343202135263583	0.758891815014356
Kocuria	Treatment	Exposed	0.260904572927288	0.277621535343296	89	2	0.349959964210056	0.759913065141837
Chryseobacterium	Treatment	Exposed	0.523530576833215	0.556633629842435	89	43	0.349580154963762	0.759913065141837
Pirellulaceae.Genus	Treatment	Exposed	-0.485998594910298	0.516307841811992	89	72	0.349189700610508	0.759913065141837
Alsobacter	Pathology.Results	positive	-1.73525965582441	1.88228322195364	89	33	0.359164573309444	0.763010869725523
NB1.j.Genus	Pathology.Results	positive	-1.45263772220052	1.56701106961943	89	31	0.356514730835756	0.763010869725523
Comamonadaceae.Genus	Pathology.Results	positive	-1.35956488187917	1.48172335792056	89	25	0.361417206163551	0.763010869725523
Plesiomonas	Pathology.Results	positive	1.073869787065	1.17038026158835	89	88	0.361426201448932	0.763010869725523
Fimbriiglobus	Pathology.Results	positive	-2.19962066396844	2.36547077381405	89	46	0.355032421267121	0.763010869725523
Tundrisphaera	Treatment	Exposed	-0.637584170293932	0.687287049281033	89	53	0.356168594986847	0.763010869725523
Rhodococcus	Pathology.Results	positive	-2.18270913602438	2.4309736013523	89	64	0.371759320893029	0.780000968022398
Burkholderia.Caballeronia.Paraburkholderia	Treatment	Exposed	0.166133161180749	0.185471533493759	89	2	0.372895199624743	0.780000968022398
KD4.96.Genus	Pathology.Results	positive	-1.6098816825807	1.81420577534199	89	33	0.37735175964173	0.785718732404698
Nocardiaceae.Genus	Treatment	Exposed	0.375471130075917	0.433948246180053	89	86	0.389312096693097	0.796234720930188
Agromyces	Pathology.Results	positive	-0.791504736563473	0.918893921625911	89	13	0.391431342649821	0.796234720930188
Cetobacterium	Pathology.Results	positive	0.964227006747491	1.12595500396271	89	88	0.394176500918593	0.796234720930188
Verrucomicrobiae.Genus	Treatment	Exposed	-0.338252847444941	0.392501635764287	89	45	0.391201277285768	0.796234720930188
Caulobacter	Treatment	Exposed	0.218351453148043	0.252479449828291	89	17	0.389538818630332	0.796234720930188
Legionella	Pathology.Results	positive	-2.17457420070431	2.54173205020739	89	50	0.394625102917154	0.796234720930188
Blastopirellula	Pathology.Results	positive	-1.10023138585881	1.28280053961069	89	14	0.393453539511696	0.796234720930188
Rhodovarius	Pathology.Results	positive	-0.897223975238607	1.06455062702137	89	13	0.401667384907888	0.806873689506595
Bosea	Treatment	Exposed	0.350878896097758	0.419684319798257	89	23	0.405441283305276	0.810882566610551
Vampirovibrionaceae.Genus	Pathology.Results	positive	-1.42926187312585	1.73678919719783	89	14	0.412821934404168	0.811061467296818
Nocardiaceae.Genus	Pathology.Results	positive	-1.68619036173992	2.05839726684665	89	86	0.414950152753903	0.811061467296818
Flectobacillus	Treatment	Exposed	-0.045178748125643	0.0553003246596748	89	3	0.416202595060209	0.811061467296818
Alphaproteobacteria.Genus	Pathology.Results	positive	-1.03078455770507	1.24270108728701	89	29	0.409134381351394	0.811061467296818
Candidatus.Megaira	Pathology.Results	positive	-0.657234080044364	0.797492845830736	89	13	0.412148127727291	0.811061467296818
CCM19a.Genus	Pathology.Results	positive	-0.815431598874836	0.997864031801826	89	13	0.416085348621001	0.811061467296818
Clostridium.sensu.stricto.3	Pathology.Results	positive	-1.3863897582462	1.72632350676282	89	32	0.424137846372482	0.813215861068178
Brochothrix	Treatment	Exposed	-0.118013464663459	0.146330283378558	89	2	0.422186774694676	0.813215861068178
Ohtaekwangia	Pathology.Results	positive	-1.07239111791298	1.33621352575044	89	12	0.424441611697865	0.813215861068178
Hyphomicrobium	Pathology.Results	positive	1.62992953642774	2.02353809475717	89	42	0.422761380329378	0.813215861068178
Candidatus.Obscuribacter	Pathology.Results	positive	-1.06747227100345	1.42081199390461	89	11	0.454516322495535	0.81920410259835
Nocardioides	Pathology.Results	positive	-0.94868842196653	1.26776407457778	89	29	0.456311057149081	0.81920410259835
IMCC26256.Genus	Pathology.Results	positive	-1.31130144709138	1.68889662216877	89	34	0.439628338728582	0.81920410259835
Candidatus.Amoebophilus	Treatment	Exposed	-0.0910424243635293	0.117769258862077	89	9	0.441607881821046	0.81920410259835
Barnesiellaceae.Genus	Pathology.Results	positive	-2.9717213204203	3.95235504465835	89	53	0.454172356825577	0.81920410259835
Verrucomicrobiae.Genus	Pathology.Results	positive	-1.40763441366905	1.86179873153543	89	45	0.451678343122916	0.81920410259835
Rhodovastum	Pathology.Results	positive	-1.43172055707619	1.86412369503865	89	27	0.444567541708388	0.81920410259835
Pajaroellobacter	Pathology.Results	positive	-1.218512283399	1.60444544974978	89	20	0.449654139040012	0.81920410259835
Rhizobacter	Treatment	Exposed	-0.0871159533247777	0.115202573845564	89	2	0.451596978244722	0.81920410259835
OM60.NOR5..clade	Pathology.Results	positive	-0.918533374777913	1.18177336240785	89	14	0.439144082185559	0.81920410259835
Parachlamydiaceae.Genus	Pathology.Results	positive	-0.971299537209426	1.27891212516045	89	29	0.449646315273735	0.81920410259835
Chlamydiales.Genus	Pathology.Results	positive	-1.39780471424994	1.80106365309827	89	44	0.439819388332227	0.81920410259835
Candidatus.Protochlamydia	Pathology.Results	positive	-1.00362592754663	1.28010523781273	89	22	0.435183480565946	0.81920410259835
SM1A02	Pathology.Results	positive	-0.799905010008357	1.00983071722729	89	12	0.430471486943039	0.81920410259835
Planctomycetes.Genus	Pathology.Results	positive	-1.07263445135616	1.38782285662384	89	30	0.441706544937584	0.81920410259835
Gemmata	Pathology.Results	positive	-1.15477589881515	1.52352558091431	89	31	0.450545218982028	0.81920410259835
Smaragdicoccus	Pathology.Results	positive	-1.04695658300301	1.44429058174482	89	40	0.470485215094442	0.838051789386974
Runella	Treatment	Exposed	0.0617552982346976	0.0851599092901806	89	2	0.470317159311351	0.838051789386974
Chlamydiales.Genus	Treatment	Exposed	-0.269366614700933	0.37969755698226	89	44	0.479980279240472	0.851638160831343
Aetherobacter	Pathology.Results	positive	-0.782932659287103	1.11558847941486	89	10	0.484691814931556	0.853357017794553
Gemmataceae.Genus	Pathology.Results	positive	-2.16011811054364	3.06521263277627	89	68	0.48288836098673	0.853357017794553
Smaragdicoccus	Treatment	Exposed	-0.211492073298736	0.304483189429549	89	40	0.489182312507181	0.857950517320286
Telmatocola	Pathology.Results	positive	1.12623446793449	1.64176012873458	89	30	0.494563342269694	0.864064689942453
Gordonia	Pathology.Results	positive	1.22309046845054	1.81295692009877	89	87	0.501715105604648	0.872592642500983
Rickettsiaceae.Genus	Pathology.Results	positive	-0.471106227165932	0.700864211522609	89	9	0.503271633723155	0.872592642500983
Neochlamydia	Treatment	Exposed	0.243951216807056	0.367695260209319	89	79	0.508810386671829	0.878854304251341
Glutamicibacter	Pathology.Results	positive	-1.387300367943	2.10677604704768	89	23	0.511979529838751	0.880991190967813
Nocardia	Treatment	Exposed	-0.395105000703639	0.613911044280092	89	82	0.521556030308294	0.890124703052967
Fluviicola	Treatment	Exposed	0.305088731080375	0.474238389568735	89	27	0.521725921630459	0.890124703052967
Fluviicola	Pathology.Results	positive	-1.43465238930481	2.24951019739116	89	27	0.525322991377351	0.890124703052967
Blastomonas	Treatment	Exposed	0.0794819425753045	0.125910324587473	89	5	0.529545868913968	0.890124703052967
Defluviimonas	Treatment	Exposed	-0.231787241682741	0.37173059318371	89	57	0.534582954593791	0.890124703052967
Bosea	Pathology.Results	positive	-1.24791945705872	1.99073752323149	89	23	0.532409737606357	0.890124703052967
Bradyrhizobium	Treatment	Exposed	-0.0500049878368351	0.0783338932249454	89	2	0.524937624395749	0.890124703052967
Novispirillum	Treatment	Exposed	0.103979921986355	0.164889770237361	89	3	0.529972594955687	0.890124703052967
X.Agitococcus..lubricus.group	Treatment	Exposed	-0.122886028245263	0.197211311454464	89	4	0.534855632974809	0.890124703052967
Candidatus.Alysiosphaera	Pathology.Results	positive	-1.19655104205445	1.93972517755644	89	34	0.538952616332044	0.893681429263317
Peptostreptococcus	Treatment	Exposed	-0.0434857608841823	0.0719760129329735	89	2	0.547321042144439	0.900539784413125
Rhodobacteraceae.Genus	Pathology.Results	positive	-0.463006920693747	0.769606995872707	89	8	0.549013289620282	0.900539784413125
Pseudomonas	Pathology.Results	positive	1.29273872989322	2.13361966610321	89	83	0.546183659955652	0.900539784413125
OM190.Genus	Treatment	Exposed	0.143293050980699	0.23985078041293	89	6	0.551792930580601	0.901855112346789
Ilumatobacteraceae.Genus	Pathology.Results	positive	-0.232537342839837	0.391933768845681	89	7	0.55453240036078	0.903095623444699
Paludibaculum.Genus	Pathology.Results	positive	-0.382485846366883	0.649838474986042	89	7	0.557681741383515	0.904992434415953
Phreatobacter	Pathology.Results	positive	-0.790512182129748	1.36339506127189	89	87	0.563557657223826	0.911284722319379
OLB12	Pathology.Results	positive	-0.497957396120627	0.876631251497206	89	7	0.571491204012514	0.917945135393436
Oikopleura	Pathology.Results	positive	-0.3685746622383	0.64921636969104	89	7	0.57170267204328	0.917945135393436
TM7a	Pathology.Results	positive	-0.473452439912859	0.855637641339529	89	7	0.581471162290827	0.930353859665323
Caulobacter	Pathology.Results	positive	-0.650049205327292	1.19761518576541	89	17	0.588680857569471	0.935325683106894
IS.44	Treatment	Exposed	0.0307650690356043	0.0565551095448941	89	2	0.587860107175593	0.935325683106894
Thermoactinomycetaceae.Genus	Pathology.Results	positive	-0.239710838897766	0.457038457653032	89	6	0.601289012632301	0.941587147075385
env.OPS.17.Genus	Pathology.Results	positive	-0.599581877280267	1.1448476053983	89	11	0.601818957100097	0.941587147075385
Babeliaceae.Genus	Pathology.Results	positive	-0.241178333611013	0.461943076644423	89	6	0.602946155583361	0.941587147075385
Beijerinckiaceae.Genus	Pathology.Results	positive	0.87204379545983	1.64915185337192	89	37	0.598317956521667	0.941587147075385
Isosphaeraceae.Genus	Pathology.Results	positive	-0.328247120605766	0.624317966133742	89	6	0.60040174953635	0.941587147075385
Cytophagales.Genus	Pathology.Results	positive	-0.556611790404934	1.09122531046171	89	8	0.61130233084413	0.941736023192308
Babeliales.Genus	Treatment	Exposed	-0.0311163082138207	0.0600994719289418	89	2	0.60596426978122	0.941736023192308
Dechloromonas	Pathology.Results	positive	-0.44629305119156	0.868103623881848	89	6	0.6084998162021	0.941736023192308
Citrobacter	Pathology.Results	positive	-0.872999357650832	1.70957199213933	89	15	0.610901869824261	0.941736023192308
Kineosporiaceae.Genus	Treatment	Exposed	0.0231382798359996	0.0498209490067644	89	2	0.643514219478878	0.942084751099805
IMCC26256.Genus	Treatment	Exposed	0.16642818585721	0.356050670574542	89	34	0.641375669502856	0.942084751099805
Gaiellales.Genus	Treatment	Exposed	0.146938143334296	0.313931598955534	89	66	0.640927291384722	0.942084751099805
Clostridium.sensu.stricto.5	Pathology.Results	positive	-0.425921925448599	0.912993480170106	89	5	0.642029044642153	0.942084751099805
Clostridium.sensu.stricto.9	Treatment	Exposed	-0.100445079322995	0.214519602063819	89	17	0.640802795313161	0.942084751099805
Lachnoclostridium	Pathology.Results	positive	-0.320058419131759	0.695924542292886	89	6	0.64674579796609	0.942084751099805
Chryseobacterium	Pathology.Results	positive	1.17663242690997	2.64034513882375	89	43	0.656980155372232	0.942084751099805
Cytophaga	Pathology.Results	positive	-0.240460930540533	0.53698373528445	89	5	0.655424060411518	0.942084751099805
Pedosphaeraceae.Genus	Pathology.Results	positive	-0.556290692482384	1.23886539386255	89	7	0.654537801269268	0.942084751099805
Chthoniobacter	Pathology.Results	positive	-1.12228560828826	2.3344048124698	89	76	0.631908757674625	0.942084751099805
Methanobacteriaceae.Genus	Pathology.Results	positive	-0.330982309289016	0.729210569687141	89	5	0.651050473606409	0.942084751099805
ZOR0006	Pathology.Results	positive	1.05225089150787	2.18851041788253	89	83	0.631874699277783	0.942084751099805
A0839.Genus	Pathology.Results	positive	-0.215323512817576	0.476940179175405	89	5	0.652788316620744	0.942084751099805
Allorhizobium.Neorhizobium.Pararhizobium.Rhizobium	Pathology.Results	positive	-0.340488098875998	0.722433257868675	89	12	0.638614707529885	0.942084751099805
Pedomicrobium	Pathology.Results	positive	-1.03330822451218	2.14170195936309	89	37	0.630697461725661	0.942084751099805
Rhizobiales.Incertae.Sedis.Genus	Treatment	Exposed	0.129093636443209	0.282580000713256	89	86	0.648938409667022	0.942084751099805
Rhodospirillales.Genus	Treatment	Exposed	-0.105258392112927	0.210332008542862	89	3	0.618044097267641	0.942084751099805
Desulfobacterota.Genus	Pathology.Results	positive	-0.185945601059443	0.392667085849437	89	5	0.637024186760409	0.942084751099805
Gammaproteobacteria.Genus	Pathology.Results	positive	-0.88019310206579	1.90537946360206	89	28	0.645282510014506	0.942084751099805
Subgroup.17.Genus	Pathology.Results	positive	-0.291002379593921	0.622913760072167	89	5	0.641564605766238	0.942084751099805
Nitrospira	Pathology.Results	positive	-0.278546602092629	0.620327712988988	89	5	0.654538537187237	0.942084751099805
Rhodopirellula	Pathology.Results	positive	-0.2172760043877	0.446117545683505	89	5	0.627470781957467	0.942084751099805
Bdellovibrio	Treatment	Exposed	0.207451970292338	0.471624249974893	89	27	0.661136852814967	0.944434508069524
Achromobacter	Pathology.Results	positive	-0.318849392553057	0.728603836225108	89	7	0.662761058294403	0.944434508069524
Anaerospora	Pathology.Results	positive	-0.115787619998961	0.319168785922639	89	3	0.717660328430634	0.944953253926297
Deinococcus	Treatment	Exposed	0.0955402373332727	0.38720246454049	89	13	0.805693687947866	0.944953253926297
Deinococcus	Pathology.Results	positive	-0.600826844021055	1.8366625553678	89	13	0.744364716571722	0.944953253926297
Caldilineaceae.Genus	Pathology.Results	positive	-0.0682528441445412	0.232506021409522	89	2	0.769806729171992	0.944953253926297
JG30.KF.CM45.Genus	Pathology.Results	positive	-1.10378851639349	2.59817445911915	89	42	0.672019931376491	0.944953253926297
Vampirovibrio	Pathology.Results	positive	-0.145811460783575	0.575723993061607	89	2	0.800666917696716	0.944953253926297
Nakamurella	Pathology.Results	positive	-0.0769602501773968	0.268923176777811	89	2	0.775429029011304	0.944953253926297
Marmoricola	Pathology.Results	positive	-0.0804759184901024	0.283929424349664	89	2	0.777523564844466	0.944953253926297
Leucobacter	Pathology.Results	positive	-0.285520188880546	0.796485657301392	89	4	0.720866358487827	0.944953253926297
Kocuria	Pathology.Results	positive	-0.283126795149512	1.31687456879663	89	2	0.830277081107111	0.944953253926297
Iamia	Pathology.Results	positive	-0.806300499652885	2.00215766087016	89	64	0.688156644078165	0.944953253926297
Thermoleophilia.Genus	Pathology.Results	positive	-0.12688296988722	0.369821638840304	89	3	0.732366256082407	0.944953253926297
Clostridium.sensu.stricto.12	Pathology.Results	positive	-0.0912417704834844	0.241864206968181	89	3	0.706921767237611	0.944953253926297
Clostridium.sensu.stricto.18	Pathology.Results	positive	-0.111795552938653	0.331653066664778	89	3	0.736873465864422	0.944953253926297
Clostridium.sensu.stricto.9	Pathology.Results	positive	-0.401737421728862	1.01755581791194	89	17	0.693963332147124	0.944953253926297
Peptostreptococcaceae.Genus	Pathology.Results	positive	-0.146874075562865	0.415501227678154	89	3	0.72458881262161	0.944953253926297
Geothermomicrobium	Pathology.Results	positive	-0.0232558139534884	0.107803609504946	89	1	0.829713797121174	0.944953253926297
Brevibacillus	Treatment	Exposed	-0.0927624543986364	0.35223640358313	89	13	0.792908593784542	0.944953253926297
Brevibacillus	Pathology.Results	positive	-0.520576640806099	1.67080396522348	89	13	0.756119467756432	0.944953253926297
Enterococcus	Pathology.Results	positive	-0.667457048216595	1.74196429500053	89	14	0.702544070618595	0.944953253926297
Limosilactobacillus	Treatment	Exposed	0.0174633835822317	0.0449577431292163	89	2	0.698650438443467	0.944953253926297
Lactobacillus	Treatment	Exposed	-0.00969231786402756	0.040659254019157	89	2	0.812154129860665	0.944953253926297
Staphylococcus	Treatment	Exposed	0.0512843827827923	0.238237156933251	89	5	0.830069550103119	0.944953253926297
Bacillus	Treatment	Exposed	0.135147259478632	0.335082940269225	89	80	0.687710314060465	0.944953253926297
Lysinibacillus	Pathology.Results	positive	-0.101074734801116	0.27725076061022	89	3	0.716334244937173	0.944953253926297
Candidatus.Amoebophilus	Pathology.Results	positive	-0.131502648944575	0.558628644531199	89	9	0.81445589881977	0.944953253926297
Flavobacterium	Pathology.Results	positive	-0.054188749774693	0.177331869946714	89	2	0.760664268570555	0.944953253926297
Saprospiraceae.Genus	Pathology.Results	positive	-0.201495875696755	0.47452480302997	89	5	0.672169312947098	0.944953253926297
Haliscomenobacter	Pathology.Results	positive	-0.0232558139534884	0.107803609504946	89	1	0.829713797121174	0.944953253926297
Bacteroidia.Genus	Pathology.Results	positive	-0.0527252492293753	0.171993807979534	89	2	0.759924463552255	0.944953253926297
Microscillaceae.Genus	Treatment	Exposed	0.201692552158569	0.675079613616531	89	80	0.765837398409356	0.944953253926297
Microscillaceae.Genus	Pathology.Results	positive	-1.2409930943365	3.20218377146199	89	80	0.69930963497463	0.944953253926297
Chthoniobacter	Treatment	Exposed	0.14153879573246	0.492135745884187	89	76	0.774343981389359	0.944953253926297
Methanosarcina	Pathology.Results	positive	-0.165782388422096	0.414474379952507	89	4	0.690161361613568	0.944953253926297
Saccharimonadales.Genus	Pathology.Results	positive	-0.881192540332487	2.56586915093753	89	58	0.732114293253039	0.944953253926297
Polymorphobacter	Pathology.Results	positive	-0.0232558139534884	0.107803609504946	89	1	0.829713797121174	0.944953253926297
Magnetospirillum	Pathology.Results	positive	-0.0232558139534884	0.107803609504946	89	1	0.829713797121174	0.944953253926297
Blastomonas	Pathology.Results	positive	-0.168000473369299	0.597245109941275	89	5	0.779161880572576	0.944953253926297
Rhizobiaceae.Genus	Treatment	Exposed	0.117204721141283	0.455571488402801	89	53	0.797585165916873	0.944953253926297
Rhizobiaceae.Genus	Pathology.Results	positive	0.913922656680649	2.16096531057876	89	53	0.673406862939561	0.944953253926297
alphaI.cluster	Pathology.Results	positive	0.334564362796636	1.5351342815424	89	53	0.827993570020223	0.944953253926297
Mycoplana	Treatment	Exposed	0.0485558764987108	0.155539301383982	89	13	0.755661245562819	0.944953253926297
Mycoplana	Pathology.Results	positive	-0.308240056325197	0.737787687067145	89	13	0.677142207448193	0.944953253926297
Martelella	Pathology.Results	positive	-0.194154519655525	0.560657211424982	89	3	0.729964521922215	0.944953253926297
Hyphomicrobium	Treatment	Exposed	0.135173472691514	0.426599287436686	89	42	0.752115570954538	0.944953253926297
Nordella	Pathology.Results	positive	-0.103518646549435	0.278397508763014	89	3	0.710928424814512	0.944953253926297
Aminobacter	Pathology.Results	positive	-0.0232558139534884	0.107803609504946	89	1	0.829713797121174	0.944953253926297
Paracoccus	Pathology.Results	positive	-0.0232558139534884	0.107803609504946	89	1	0.829713797121174	0.944953253926297
Defluviimonas	Pathology.Results	positive	0.623029911582536	1.76327302563898	89	57	0.724700343645972	0.944953253926297
Pseudorhodobacter	Pathology.Results	positive	-0.0676328158122441	0.229963124548011	89	2	0.769387963481869	0.944953253926297
Pseudorhodoplanes	Pathology.Results	positive	-0.50780260533233	1.70872169821997	89	79	0.767043629850676	0.944953253926297
Novispirillum	Pathology.Results	positive	-0.173990614978766	0.782140855217857	89	3	0.824487686928758	0.944953253926297
Caedibacter	Treatment	Exposed	-0.0218364524541382	0.0586322948361551	89	3	0.710488608321795	0.944953253926297
Haliangium	Treatment	Exposed	0.0611735581875797	0.249132027831026	89	9	0.806618151896619	0.944953253926297
Haliangium	Pathology.Results	positive	-0.363401301409686	1.18173696906375	89	9	0.759195231570742	0.944953253926297
Phaselicystis	Pathology.Results	positive	-0.222787862782706	0.742961220958828	89	4	0.765003927373542	0.944953253926297
Blfdi19.Genus	Pathology.Results	positive	-0.0232558139534884	0.107803609504946	89	1	0.829713797121174	0.944953253926297
Candidatus.Competibacter	Treatment	Exposed	0.0669114245193091	0.301768357808388	89	4	0.825048901229932	0.944953253926297
Stenotrophomonas	Pathology.Results	positive	-0.326605047231036	1.08795367281438	89	3	0.764748114049855	0.944953253926297
Luteimonas	Pathology.Results	positive	-0.0581261320343009	0.19214674870276	89	2	0.7629944790611	0.944953253926297
AAP99	Pathology.Results	positive	-0.0232558139534884	0.107803609504946	89	1	0.829713797121174	0.944953253926297
Aquabacterium	Treatment	Exposed	-0.0461357401499742	0.166455211022099	89	5	0.78231770406111	0.944953253926297
SC.I.84.Genus	Pathology.Results	positive	-0.255774682470994	0.61360901980249	89	4	0.677836568245395	0.944953253926297
Nitrosomonadaceae.Genus	Pathology.Results	positive	-0.0232558139534884	0.107803609504946	89	1	0.829713797121174	0.944953253926297
Cellvibrio	Pathology.Results	positive	-0.108890152014386	0.408855958470453	89	2	0.790623433783097	0.944953253926297
Burkholderia.Caballeronia.Paraburkholderia	Pathology.Results	positive	-0.188355383402969	0.879768730446727	89	2	0.830978629000976	0.944953253926297
Pseudomonadales.Genus	Pathology.Results	positive	-0.386660061776946	0.945171374391668	89	8	0.683490709244032	0.944953253926297
Diplorickettsiaceae.Genus	Pathology.Results	positive	-0.0886523631297921	0.239763040223609	89	3	0.712477789637562	0.944953253926297
Coxiella	Pathology.Results	positive	-0.0232558139534884	0.107803609504946	89	1	0.829713797121174	0.944953253926297
Aquicella	Pathology.Results	positive	-0.156424980310512	0.374207416531559	89	4	0.676976767551764	0.944953253926297
Steroidobacter	Treatment	Exposed	0.0201993961852552	0.0472836619428895	89	2	0.670304168925953	0.944953253926297
Acinetobacter	Treatment	Exposed	-0.0724014754846208	0.22654664101341	89	5	0.750056108891966	0.944953253926297
Gemmatimonadaceae.Genus	Pathology.Results	positive	-0.0529316075819795	0.172740346574212	89	2	0.760023262990614	0.944953253926297
Vicinamibacteraceae.Genus	Pathology.Results	positive	-0.0232558139534884	0.107803609504946	89	1	0.829713797121174	0.944953253926297
Simkania	Pathology.Results	positive	-0.0232558139534884	0.107803609504946	89	1	0.829713797121174	0.944953253926297
CL500.3	Pathology.Results	positive	0.646052767392089	2.39102951625181	89	57	0.787654837271347	0.944953253926297
SH.PL14	Pathology.Results	positive	-0.577353790936063	2.16900674528536	89	85	0.790735031695373	0.944953253926297
Schlesneriaceae.Genus	Pathology.Results	positive	-0.0232558139534884	0.107803609504946	89	1	0.829713797121174	0.944953253926297
Schlesneria	Pathology.Results	positive	-0.0731687185094543	0.252918559548752	89	2	0.773049959204537	0.944953253926297
Fimbriiglobus	Treatment	Exposed	0.166047412730597	0.498685025587559	89	46	0.739966895080563	0.944953253926297
OM190.Genus	Pathology.Results	positive	-0.33099744564248	1.13771214701064	89	6	0.771803423670943	0.944953253926297
Staphylococcus	Pathology.Results	positive	-0.237787372749633	1.13005805878807	89	5	0.833837248385127	0.945725063491625
Runella	Pathology.Results	positive	-0.0839775204569229	0.403948918035456	89	2	0.835805264445449	0.945725063491625
Kineosporiaceae.Genus	Pathology.Results	positive	-0.0453605020582219	0.236321511078719	89	2	0.848238543897496	0.947487511746932
Enterococcus	Treatment	Exposed	0.0658377643466237	0.367238318326076	89	14	0.858141101647989	0.947487511746932
Limosilactobacillus	Pathology.Results	positive	-0.0396856058044535	0.213253300123664	89	2	0.85280766256689	0.947487511746932
Cloacibacterium	Treatment	Exposed	0.106816008477459	0.588568809068146	89	48	0.856414499605036	0.947487511746932
Candidatus.Competibacter	Pathology.Results	positive	-0.276085892674213	1.43141300466475	89	4	0.847510476522865	0.947487511746932
Neisseriaceae.Genus	Pathology.Results	positive	-0.116401387279803	0.607351105713135	89	4	0.848464873680245	0.947487511746932
Aquabacterium	Pathology.Results	positive	-0.143434590615597	0.789566392850695	89	5	0.856275101026268	0.947487511746932
Paucibacter	Treatment	Exposed	0.0583476380218595	0.320450417429475	89	87	0.855948383427716	0.947487511746932
IS.44	Pathology.Results	positive	-0.0529872912578291	0.268264439223291	89	2	0.843887611608957	0.947487511746932
Steroidobacter	Pathology.Results	positive	-0.0424216184074755	0.22428610177943	89	2	0.850428247454444	0.947487511746932
Streptococcus	Pathology.Results	positive	-0.29835488004202	1.6929831761261	89	4	0.860527371738267	0.947827250030555
Planococcaceae.Genus	Pathology.Results	positive	-0.186957965513084	1.1208206370899	89	3	0.867915423373596	0.953661284477976
Ligilactobacillus	Pathology.Results	positive	-0.208988917408132	1.28563409201661	89	3	0.871248536861388	0.95377737331732
Chitinilyticum	Pathology.Results	positive	0.355197518085717	2.20155111648841	89	77	0.872204308494128	0.95377737331732
Caedibacter	Pathology.Results	positive	-0.0386594874749293	0.278117394187169	89	3	0.889771820147538	0.966037976160184
Neisseriaceae.Genus	Treatment	Exposed	0.0180490570303728	0.128040855565014	89	4	0.888228624497693	0.966037976160184
Acinetobacter	Pathology.Results	positive	-0.152518903982034	1.07460507279434	89	5	0.887467112563252	0.966037976160184
Obscuribacteraceae.Genus	Treatment	Exposed	-0.0555222316846193	0.474634999982664	89	60	0.907149610337223	0.976250906890807
Brevibacterium	Pathology.Results	positive	-0.0532883343481297	0.458477262723196	89	5	0.907742071319523	0.976250906890807
Lactobacillus	Pathology.Results	positive	-0.0232558139534884	0.192863775995838	89	2	0.904303751921671	0.976250906890807
Bdellovibrio	Pathology.Results	positive	-0.263249093406039	2.23711024453391	89	27	0.906600584695102	0.976250906890807
Streptococcus	Treatment	Exposed	0.0389507634341268	0.356912191793632	89	4	0.913351541720674	0.979972477705005
X.Agitococcus..lubricus.group	Pathology.Results	positive	-0.0975943997443328	0.935455386817439	89	4	0.917151807169036	0.981739962603475
Flectobacillus	Pathology.Results	positive	-0.0232558139534885	0.262312471907022	89	3	0.929560707307107	0.990373090028133
Rhodospirillales.Genus	Pathology.Results	positive	-0.0892870860521494	0.997692317750158	89	3	0.928897724262115	0.990373090028133
Obscuribacteraceae.Genus	Pathology.Results	positive	0.185991113004297	2.2513914857688	89	60	0.9343523338734	0.991717672262147
Babeliales.Genus	Pathology.Results	positive	-0.0232558139534885	0.285076826203214	89	2	0.935172366387551	0.991717672262147
Peptostreptococcus	Pathology.Results	positive	-0.0232558139534884	0.341412206648899	89	2	0.945850996581419	0.993797360463426
Planococcaceae.Genus	Treatment	Exposed	0.0179831464017633	0.236289737448339	89	3	0.939511268962091	0.993797360463426
Pseudochrobactrum	Pathology.Results	positive	-0.0232558139534891	0.340879718276317	89	3	0.945766542963611	0.993797360463426
Roseomonas	Pathology.Results	positive	-0.121725264947185	1.70220627646845	89	78	0.943157674761713	0.993797360463426
Bradyrhizobium	Pathology.Results	positive	-0.0232558139534884	0.37157028086889	89	2	0.950239879607106	0.996113528967449
Acidimicrobiia.Genus	Pathology.Results	positive	-0.0258258137376434	1.05017254937804	89	21	0.980437395403671	1
Microtrichaceae.Genus	Pathology.Results	positive	-2.45669024846192e-17	0.107860633370084	89	1	1	1
Conexibacter	Pathology.Results	positive	0.0231823814997388	1.07891663219608	89	15	0.982907170465333	1
Ligilactobacillus	Treatment	Exposed	0.0130600518059873	0.271035464555666	89	3	0.961679921004989	1
Weissella	Pathology.Results	positive	-7.0191149956055e-18	0.107860633370084	89	1	1	1
Carnobacterium	Pathology.Results	positive	5.6152919964844e-17	0.107860633370084	89	1	1	1
Vagococcus	Pathology.Results	positive	-1.05286724934082e-17	0.107860633370084	89	1	1	1
Geobacillus	Pathology.Results	positive	-1.26344069920899e-16	0.574537001066659	89	2	1	1
Exiguobacterium	Pathology.Results	positive	-1.68458759894532e-16	0.860397499990463	89	3	1	1
Brochothrix	Pathology.Results	positive	-0.0232558139534884	0.694105479201184	89	2	0.973349737853437	1
Hassallia	Pathology.Results	positive	5.6152919964844e-17	0.107860633370084	89	1	1	1
Armatimonadota.Genus	Pathology.Results	positive	-5.05376279683596e-16	0.912422959934762	89	2	1	1
Defluviicoccales.Genus	Pathology.Results	positive	3.50955749780275e-18	0.107860633370084	89	1	1	1
Shinella	Pathology.Results	positive	-0.0232558139534885	0.452080929509619	89	3	0.959092849327905	1
Candidatus.Berkiella	Pathology.Results	positive	-1.68458759894532e-16	0.42968099516774	89	3	1	1
Rhizobacter	Pathology.Results	positive	-0.0232558139534886	0.546453788498588	89	2	0.966152772077909	1
Curvibacter	Pathology.Results	positive	1.05286724934082e-17	0.107860633370084	89	1	1	1
Paucibacter	Pathology.Results	positive	0.0380862502609332	1.52002979434329	89	87	0.980068143450261	1
A21b.Genus	Pathology.Results	positive	-8.4229379947266e-17	0.107860633370084	89	1	0.999999999999999	1
Candidatus.Ovatusbacter	Pathology.Results	positive	-1.4038229991211e-16	0.209018811138501	89	2	0.999999999999999	1
X11.24.Genus	Pathology.Results	positive	3.50955749780275e-17	0.107860633370084	89	1	1	1
