feature	RBG.13.54.9.Genus	Meiothermus	Deinococcus	WPS.2.Genus	KD4.96.Genus	Caldilineaceae.Genus	Lineage.IIb.Genus	SBR1031.Genus	JG30.KF.CM45.Genus	Candidatus.Obscuribacter	Obscuribacteraceae.Genus	Vampirovibrio	Vampirovibrionaceae.Genus	Frankiales.Genus	Nakamurella	PeM15.Genus	Longivirga	Gordonia	Corynebacteriales.Genus	Nocardia	Nocardiaceae.Genus	Smaragdicoccus	Mycobacterium	Rhodococcus	Nocardioides	Brevibacterium	Agromyces	Leucobacter	Glutamicibacter	Kocuria	IMCC26207	Microtrichales.Genus	Iamia	Acidimicrobiia.Genus	IMCC26256.Genus	Microtrichaceae.Genus	Gaiellales.Genus	X67.14.Genus	Conexibacter	Thermoleophilia.Genus	Gaiella	Clostridium.sensu.stricto.3	Clostridium.sensu.stricto.13	Clostridium.sensu.stricto.9	Paraclostridium	Thermoactinomycetaceae.Genus	Peptostreptococcus	Geothermomicrobium	Cetobacterium	Brevibacillus	Ligilactobacillus	Limosilactobacillus	Lactobacillus	Weissella	Streptococcus	Carnobacterium	Vagococcus	Enterococcus	Staphylococcus	Bacillus	Geobacillus	Planococcaceae.Genus	Exiguobacterium	Brochothrix	Holophagaceae.Genus	Kapabacteriales.Genus	Candidatus.Amoebophilus	Barnesiellaceae.Genus	Flavobacterium	Chryseobacterium	Cloacibacterium	NS9.marine.group.Genus	AKYH767.Genus	Sphingobacteriales.Genus	env.OPS.17.Genus	Fluviicola	Chitinophagales.Genus	Dinghuibacter	Chitinophagaceae.Genus	Sediminibacterium	Ferruginibacter	Terrimonas	Aurantisolimonas	Flavihumibacter	Saprospiraceae.Genus	Haliscomenobacter	Bacteroidia.Genus	Cytophagales.Genus	Cytophaga	Microscillaceae.Genus	Hassallia	OLB12	Runella	Fibrobacteraceae.Genus	Babeliales.Genus	Vermiphilaceae.Genus	Babeliaceae.Genus	BD7.11.Genus	Verrucomicrobiaceae.Genus	Pedosphaeraceae.Genus	DEV008	Chthoniobacter	Verrucomicrobiae.Genus	Luteolibacter	Methanobacteriaceae.Genus	Opitutaceae.Genus	Saccharimonadales.Genus	ZOR0006	Armatimonadota.Genus	Defluviicoccales.Genus	Candidatus.Alysiosphaera	A0839.Genus	Hirschia	Polymorphobacter	Magnetospirillum	Novosphingobium	Sphingopyxis	Sphingorhabdus	Rhizorhapis	Rhizobiaceae.Genus	alphaI.cluster	Alsobacter	Mesorhizobium	Mycoplana	Pseudochrobactrum	Allorhizobium.Neorhizobium.Pararhizobium.Rhizobium	Shinella	Hyphomicrobium	Pedomicrobium	Methyloligellaceae.Genus	Bauldia	Devosia	Alphaproteobacteria.Genus	Rhizobiales.Incertae.Sedis.Genus	Nordella	Xanthobacteraceae.Genus	Phreatobacter	Aminobacter	Rhodobacteraceae.Genus	Defluviimonas	Tabrizicola	Gemmobacter	Pseudorhodobacter	Paracoccus	Phenylobacterium	Caulobacter	Bosea	Beijerinckiaceae.Genus	Pseudorhodoplanes	Afipia	Fodinicurvataceae.Genus	Novispirillum	Elstera	Roseomonas	Rhodovarius	Rhodovastum	Rhodospirillales.Genus	Reyranella	Holosporaceae.Genus	Caedibacter	Oligoflexaceae.Genus	Candidatus.Megaira	Rickettsiaceae.Genus	Bacteriovoracaceae.Genus	Bdellovibrio	OM27.clade	X0319.6G20.Genus	Desulfobacterota.Genus	MBNT15.Genus	Sandaracinaceae.Genus	mle1.27.Genus	Haliangium	Anaeromyxobacter	Blfdi19.Genus	Pajaroellobacter	Phaselicystis	Aetherobacter	Polyangia.Genus	NB1.j.Genus	P3OB.42	SAR324.clade.Marine.group.B..Genus	Desulfobulbus	Candidatus.Berkiella	Candidatus.Competibacter	Ahniella	Stenotrophomonas	Luteimonas	Sulfurifustis	Chitinibacter	Chitinilyticum	Sutterellaceae.Genus	Rheinheimera	Undibacterium	Neisseriaceae.Genus	Leeia	Burkholderiales.Genus	AAP99	Azospira	Dechloromonas	Candidatus.Accumulibacter	Dechlorobacter	Zoogloea	Rhizobacter	Inhella	Comamonadaceae.Genus	Curvibacter	Hydrogenophaga	Ideonella	Rubrivivax	Aquabacterium	Paucibacter	Nitrosomonas	Crenobacter	Chitinivorax	TRA3.20.Genus	IS.44	SC.I.84.Genus	A21b.Genus	Nitrosomonadaceae.Genus	Achromobacter	Cellvibrio	Shewanella	Vibrio	Aeromonas	Plesiomonas	Burkholderia.Caballeronia.Paraburkholderia	Citrobacter	Gammaproteobacteria.Genus	Pseudomonadales.Genus	Porticoccus	Pseudomonas	Diplorickettsiaceae.Genus	Coxiella	Aquicella	Candidatus.Ovatusbacter	Legionella	CCM19a.Genus	Ga0077536.Genus	Steroidobacter	Steroidobacteraceae.Genus	X.Agitococcus..lubricus.group	Acinetobacter	OM60.NOR5..clade	Turneriella	Gemmatimonadaceae.Genus	Vicinamibacteraceae.Genus	Subgroup.17.Genus	Chlamydiales.Genus	Neochlamydia	Parachlamydiaceae.Genus	Candidatus.Protochlamydia	Chlamydiaceae.Genus	Simkania	Leptospirillum	Bryobacter	Paludibaculum.Genus	Nitrospira	SH3.11	Oikopleura	X11.24.Genus	JGI.0001001.H03	SM1A02	CL500.3	Planctomycetota.Genus	Pirellulaceae.Genus	Pir4.lineage	Planctomycetes.Genus	Pirellula	Rhodopirellula	Blastopirellula	Planctomycetales.Genus	SH.PL14	Schlesneria	Gemmataceae.Genus	Gemmata	Fimbriiglobus	Telmatocola	Tundrisphaera	Isosphaeraceae.Genus	OM190.Genus	vadinHA49.Genus
RTF011	0	0	0	0	0	0	0	0	2	0	0	0	0	0	0	182	0	113	0	159	0	0	336	0	0	0	0	0	0	0	0	10	6	0	0	0	0	0	0	0	0	0	0	0	377	0	0	0	28110	0	0	0	0	0	0	0	0	0	0	145	0	0	0	0	0	0	0	705	0	0	4	0	0	0	61	0	0	114	0	0	0	0	60	32	0	0	0	0	0	0	0	0	0	0	0	0	0	0	0	0	0	25	0	0	0	0	0	5163	0	0	0	0	0	0	0	0	0	0	0	88	0	0	0	151	0	0	0	0	0	0	0	0	0	97	0	0	230	0	0	11	43	1769	0	0	0	0	71	0	0	0	0	0	0	0	0	24	0	4	0	0	0	0	0	0	4	0	0	0	0	0	0	0	0	0	0	0	0	0	0	0	0	0	0	0	0	0	0	0	0	235	308	0	0	0	0	0	0	0	0	0	0	0	0	0	0	0	0	0	11	0	243	0	43	0	0	0	0	0	0	0	0	0	0	4740	1089	0	0	29	16	0	16	0	0	0	0	2	0	0	0	0	0	0	0	0	0	0	0	0	20	3	0	0	0	0	0	0	0	183	0	0	0	0	0	0	2	0	0	5	0	0	0	0	0	327	0	0	0	19	0	0	0
RTF012	0	0	0	0	0	0	0	0	0	0	0	0	0	0	0	492	11	149	0	285	0	0	437	0	0	0	0	0	8	0	82	81	62	0	0	0	5	21	0	0	0	0	0	0	358	0	0	0	13613	0	0	0	0	0	0	0	0	0	0	108	0	0	0	0	0	0	0	1106	23	0	49	0	0	0	40	178	0	531	0	0	0	0	434	67	0	0	0	0	0	0	0	0	0	0	0	0	0	0	0	0	0	154	9	0	0	0	0	4342	0	0	0	0	0	0	0	0	0	0	0	153	0	0	0	234	0	0	0	0	0	0	0	0	0	118	0	0	858	0	0	50	173	3762	0	0	0	0	97	0	11	0	0	0	0	0	0	62	0	0	0	0	2	0	0	0	0	0	0	0	0	0	0	0	0	0	0	0	0	0	0	0	0	0	18	0	0	0	0	0	0	137	923	0	0	0	0	0	0	0	0	0	0	0	0	0	0	0	0	0	16	0	1166	0	120	0	0	0	0	0	0	0	0	0	0	1457	460	0	0	52	148	0	24	0	0	0	0	0	0	0	0	0	0	3	0	0	0	0	0	0	163	6	2	0	0	0	0	0	0	479	0	0	0	0	0	0	5	0	0	14	0	0	0	32	0	908	0	0	0	23	0	0	0
RTF013	0	0	0	0	0	0	0	0	0	0	0	0	0	0	0	755	0	73	0	233	0	0	631	0	0	0	0	0	11	0	75	75	37	0	0	0	0	14	0	0	0	0	0	0	315	0	0	0	19125	0	0	0	0	0	0	0	0	0	0	127	0	0	0	0	0	0	0	1626	103	9	41	0	0	0	98	212	0	468	0	0	0	0	318	56	0	0	0	0	3	0	0	0	0	0	0	0	0	0	0	0	0	290	14	0	0	0	0	2744	0	0	0	0	0	0	0	0	0	0	0	196	0	0	0	279	0	30	0	0	0	0	0	0	0	121	0	0	725	0	0	63	110	3801	0	0	0	0	104	0	0	0	0	0	0	0	0	83	0	18	0	0	0	0	0	0	21	0	0	0	0	0	0	64	0	0	0	0	0	0	0	0	0	0	3	0	0	0	0	0	0	325	656	0	0	19	0	0	0	0	0	0	0	0	0	0	0	0	0	0	40	0	1135	0	114	0	0	0	0	0	0	0	0	0	0	2139	813	0	0	113	371	0	42	0	0	0	0	7	0	0	0	0	0	0	0	0	0	0	0	0	126	0	5	0	0	0	0	0	0	582	0	0	0	0	0	0	0	0	0	13	0	0	0	37	0	1067	0	0	0	86	0	0	0
RTF014	0	0	0	0	0	0	0	0	0	0	0	0	0	0	0	1090	0	218	0	358	0	0	713	0	0	0	4	0	7	0	51	104	17	0	0	0	3	15	0	0	0	0	0	0	188	0	0	0	20657	0	0	0	0	0	0	0	0	0	0	50	0	0	0	0	0	0	0	1430	20	6	38	0	0	0	109	194	0	567	0	0	0	0	294	71	0	0	0	0	0	0	0	0	0	0	0	0	0	0	0	0	0	235	11	0	0	0	0	3465	0	0	0	0	0	0	0	0	0	0	0	172	16	0	0	231	0	0	0	0	0	0	0	0	0	165	0	0	601	0	0	64	152	4268	0	0	0	0	144	0	14	0	0	0	0	0	0	84	0	10	0	0	0	0	0	0	13	0	0	0	0	0	0	0	0	0	0	0	0	0	0	0	0	0	8	0	0	0	0	0	0	143	961	0	0	10	0	0	0	0	0	0	0	0	0	0	0	0	0	0	36	0	1355	0	94	0	0	0	0	0	0	0	0	0	0	1422	503	0	0	30	183	0	20	0	0	0	0	8	0	0	0	0	0	0	0	0	0	0	0	0	141	0	3	0	0	0	0	0	0	661	0	0	0	0	0	0	9	0	0	23	0	0	0	36	0	1241	0	0	0	109	0	0	0
RTF015	0	0	0	0	0	0	0	0	0	0	0	0	0	0	0	376	4	96	0	214	0	0	521	0	0	0	0	0	0	0	32	44	20	0	0	0	0	0	0	0	0	0	0	0	54	0	0	0	25347	0	0	0	0	0	0	0	0	0	0	58	0	0	0	0	0	0	0	968	27	11	19	0	0	0	18	35	0	196	0	0	0	0	179	19	0	0	0	0	0	0	0	0	0	0	0	0	0	0	0	0	0	100	8	0	0	0	0	3753	0	0	0	0	0	0	0	0	0	0	0	110	11	0	0	148	0	0	0	0	0	0	0	0	0	88	0	0	452	7	0	66	113	2896	0	0	0	0	78	0	19	0	0	0	0	0	0	43	0	7	0	0	0	0	0	0	0	0	0	0	0	0	0	0	0	0	0	0	0	0	0	0	0	0	0	0	0	0	0	0	0	258	698	0	0	13	0	0	0	0	0	0	0	0	0	0	0	0	0	0	24	0	607	0	257	0	0	0	0	0	0	0	0	0	0	5018	1789	0	10	45	103	0	46	0	0	0	0	0	0	0	0	0	0	23	0	0	0	0	0	6	39	0	0	0	0	0	0	0	0	270	0	0	0	0	0	0	0	0	0	4	0	0	0	16	0	424	0	0	0	34	0	0	0
RTF016	0	0	0	0	0	0	0	0	0	0	0	0	0	0	0	167	0	129	0	46	0	0	239	0	0	0	0	0	0	0	29	8	15	0	0	0	0	0	0	0	0	0	0	0	669	0	0	0	27038	0	0	0	0	0	0	0	0	0	0	19	0	0	0	0	0	0	0	219	84	0	0	0	0	0	0	73	0	85	0	0	0	0	35	14	0	0	0	0	0	6	0	0	0	0	0	0	0	0	0	0	0	22	0	0	0	0	0	2149	0	0	0	0	0	0	0	0	0	0	0	5	0	0	0	10	0	0	0	0	0	0	0	0	0	174	0	0	62	0	0	0	84	613	0	0	0	0	33	0	0	0	0	0	0	0	0	15	0	0	0	0	0	0	0	0	0	0	0	0	0	0	0	0	0	0	0	0	0	0	0	0	0	0	0	0	0	0	0	0	0	222	266	0	0	0	0	0	0	0	0	0	0	0	0	0	0	0	0	0	11	0	200	0	63	0	0	0	0	0	0	0	0	77	0	10469	186	0	32	8	102	0	16	0	0	0	0	0	0	0	0	0	0	0	0	0	0	0	0	0	56	0	0	0	0	0	0	0	0	58	0	0	0	0	0	0	0	0	0	0	0	0	0	0	0	153	0	0	0	7	0	0	0
RTF017	0	0	0	0	0	0	0	0	0	0	0	0	0	0	0	1354	13	907	0	222	0	0	1532	33	0	0	0	9	0	0	269	68	92	47	0	0	7	30	0	0	0	0	0	0	281	0	0	0	18116	0	0	0	0	0	0	0	0	0	0	0	5	0	0	0	0	0	0	618	91	51	16	0	0	0	0	469	0	878	0	0	0	0	621	173	0	0	0	0	0	75	0	0	0	0	0	0	0	0	0	0	0	175	15	0	0	0	0	1420	0	0	0	0	0	0	0	0	0	0	0	69	35	0	0	44	0	0	0	0	0	0	0	0	0	815	0	0	371	0	0	14	474	4335	0	0	0	0	227	0	35	0	0	0	0	23	0	143	0	21	0	0	0	0	0	0	0	0	0	0	0	0	0	0	0	0	0	0	0	0	0	0	0	0	0	0	0	0	0	0	0	165	1341	0	0	90	0	0	0	0	0	0	0	0	0	0	0	0	0	0	133	0	1336	0	138	0	0	0	0	0	0	0	12	42	0	1887	146	0	0	39	725	0	31	0	0	0	0	25	0	0	0	0	0	0	0	0	0	0	0	0	324	20	0	0	0	0	0	0	0	417	0	0	0	0	0	0	22	0	0	32	0	0	0	24	0	1158	0	9	0	64	0	0	0
RTF018	0	0	0	0	0	0	0	0	0	0	0	0	0	0	0	749	9	645	0	108	0	0	995	37	0	0	0	0	0	0	201	58	81	17	0	0	6	5	0	0	0	0	0	0	758	0	0	0	24855	0	0	0	0	0	0	0	0	0	0	0	0	0	0	0	0	0	0	530	41	22	8	0	0	0	0	134	0	467	0	0	0	0	323	78	0	0	0	0	0	67	0	0	0	0	0	0	0	0	0	0	0	158	4	0	0	0	0	1683	0	0	0	0	0	0	0	0	0	0	0	44	24	0	0	35	0	0	0	8	0	0	0	0	0	695	0	0	323	0	0	29	270	2998	0	0	0	0	132	0	0	0	0	0	0	9	0	76	0	0	0	0	0	0	0	0	0	0	0	0	0	0	0	0	0	0	0	0	0	0	0	0	0	0	0	0	0	0	0	0	0	241	822	0	0	0	0	0	0	0	0	0	0	0	0	0	0	0	0	0	48	0	840	0	75	0	0	0	0	0	0	0	0	38	0	3755	295	0	0	22	288	0	29	0	0	0	0	3	0	0	0	0	0	12	0	0	0	0	0	0	152	0	0	0	0	0	0	0	0	303	0	0	0	0	0	0	7	13	0	20	0	0	0	14	0	630	0	3	0	53	0	0	0
RTF019	0	0	0	0	0	0	0	0	0	0	0	0	0	0	0	514	0	193	0	158	0	0	972	65	0	0	0	0	0	0	87	2	57	11	0	0	5	0	0	0	0	0	0	0	309	0	0	0	26797	0	0	0	0	0	0	0	0	0	0	22	0	0	0	0	0	0	0	1926	50	25	0	0	0	0	0	166	0	163	0	0	0	0	132	39	0	0	0	0	0	8	0	0	0	0	0	0	0	0	0	0	0	43	12	0	0	0	0	2129	0	0	0	0	0	0	0	0	0	0	0	15	7	0	0	0	0	0	0	0	0	0	0	0	0	563	0	0	169	0	0	14	140	1402	0	0	0	0	71	0	11	0	0	0	0	2	0	36	0	0	0	0	0	0	0	0	0	0	0	0	0	0	0	0	0	0	0	0	0	0	0	0	0	0	0	0	0	0	0	0	0	659	575	0	0	0	0	0	0	0	0	0	0	0	0	0	0	0	0	0	43	0	590	0	232	0	0	0	0	0	0	0	0	81	0	7421	702	0	0	13	347	0	75	0	0	0	0	0	0	0	0	0	0	28	0	0	0	0	0	0	124	0	0	0	0	0	0	0	0	68	0	0	0	0	0	0	0	0	0	5	0	0	0	0	0	199	0	4	0	0	0	0	0
RTF020	0	0	0	0	0	0	0	0	0	0	0	0	0	0	0	1070	11	374	0	143	0	0	1044	44	0	0	0	5	0	0	208	64	89	39	0	0	12	12	0	0	0	0	0	0	218	0	0	0	19289	0	0	0	0	0	0	0	0	0	0	42	0	0	0	0	0	0	0	756	35	21	34	0	0	0	0	458	0	567	0	0	0	0	513	92	0	0	0	0	0	50	0	0	0	0	0	0	0	0	0	0	0	142	17	0	0	0	3	2488	0	0	0	0	0	0	0	0	0	0	0	0	29	0	0	30	0	0	0	6	0	0	0	0	0	493	0	0	318	0	0	0	234	3597	0	0	0	0	166	0	15	0	0	0	0	14	0	58	0	0	0	0	0	0	0	0	6	0	0	0	0	0	0	0	0	0	0	0	0	0	0	0	0	0	0	0	0	0	0	0	0	297	1171	0	0	2	0	0	0	0	0	0	0	0	0	0	0	0	0	0	72	0	1869	0	73	0	0	0	0	0	0	0	0	0	0	789	216	0	0	40	488	0	0	0	0	0	0	0	0	0	0	0	0	7	0	0	0	0	0	0	313	10	6	0	0	0	0	0	0	275	0	0	0	0	0	0	21	0	0	15	0	0	0	12	0	929	0	0	0	36	0	0	0
RTF041	0	0	0	0	0	0	0	0	0	0	0	0	0	0	0	1269	11	227	0	95	0	0	432	9	0	0	0	0	0	0	120	128	20	0	0	0	0	49	0	0	0	0	0	3	0	0	0	0	17116	0	0	0	0	0	0	0	0	0	0	64	0	0	0	0	0	0	3	1787	80	0	0	0	0	0	133	176	0	583	0	0	0	0	233	60	0	0	0	0	0	0	0	0	0	0	0	0	0	0	0	0	0	52	16	0	0	0	0	6476	0	0	0	0	0	0	0	0	0	0	0	35	10	0	0	32	0	0	0	0	0	0	0	0	0	96	0	0	191	0	0	16	108	2492	0	0	0	0	74	0	8	0	0	0	0	0	0	57	0	6	0	0	0	0	0	0	0	0	0	0	0	0	0	0	0	0	0	0	0	0	0	0	0	0	0	0	0	0	0	0	0	40	1070	0	0	0	0	0	0	0	0	0	0	0	0	0	0	0	0	0	0	0	732	0	110	0	0	0	0	0	0	0	0	18	0	816	608	0	12	8	109	0	0	0	0	0	0	0	0	0	0	0	0	0	0	0	0	0	0	0	39	7	0	0	0	0	0	0	0	512	0	0	0	0	0	0	0	5	0	8	0	0	0	7	0	1103	0	0	0	34	0	0	0
RTF042	0	0	0	0	0	0	0	0	8	13	6	0	0	0	0	2713	25	820	0	291	21	22	1219	0	0	0	0	0	55	0	283	317	67	0	0	0	0	95	0	0	0	0	5	0	0	0	0	0	10628	0	0	0	0	0	0	0	0	0	0	109	0	0	0	0	0	0	0	188	362	0	8	0	0	0	1325	728	0	1686	0	0	0	0	819	136	0	0	0	12	13	28	0	0	0	0	0	0	0	0	0	0	0	320	23	0	0	0	4	4429	0	0	0	0	0	0	0	0	0	0	0	61	35	0	0	94	0	46	0	10	0	0	0	0	0	118	0	0	574	0	0	31	264	6040	0	0	0	0	171	0	56	0	0	0	0	0	0	238	0	24	0	5	0	0	0	0	32	0	10	0	0	0	0	0	0	0	0	7	0	0	0	0	0	0	0	0	0	0	0	0	0	41	2027	0	0	0	0	0	0	0	0	0	0	0	0	0	0	0	0	0	36	0	1096	0	143	0	0	0	0	0	0	0	7	14	0	558	343	0	0	29	307	0	0	0	4	0	0	37	0	0	0	0	0	0	0	0	0	0	0	0	112	31	20	0	0	0	0	0	0	1728	0	0	0	0	0	0	0	0	0	66	0	0	0	17	0	3747	0	28	0	227	0	0	0
RTF043	0	0	0	0	0	0	0	0	0	0	2	0	0	0	0	527	16	543	0	255	0	0	1110	0	0	0	0	0	9	0	58	83	36	0	0	0	0	20	0	0	0	0	0	0	16	0	0	0	24619	0	0	0	0	0	0	0	0	0	0	344	0	0	0	0	0	0	0	1672	346	5	0	0	0	0	134	52	0	718	0	0	0	0	206	63	0	0	0	0	0	0	0	0	0	0	0	0	0	0	0	0	0	37	0	0	0	0	0	6718	0	0	0	0	0	0	0	0	0	0	0	0	19	0	0	26	0	0	103	0	0	0	0	0	0	326	0	0	173	0	0	65	84	3001	0	0	0	0	53	0	7	0	0	0	0	0	0	52	0	6	0	0	0	0	0	0	0	0	0	0	0	0	0	0	0	0	0	0	0	0	0	0	0	0	0	0	0	0	0	0	0	105	1677	0	0	0	0	0	0	0	0	0	0	0	0	0	0	0	0	0	16	0	1543	0	332	0	0	0	0	0	0	0	20	96	0	2814	992	0	0	92	18	0	10	0	0	0	0	7	0	0	0	0	0	0	0	0	0	0	0	0	14	0	0	0	0	0	0	0	0	361	0	0	0	0	0	0	0	0	0	24	0	0	0	20	0	1101	0	0	0	55	0	0	0
RTF044	0	0	0	0	0	0	0	0	0	0	6	0	0	0	0	1725	18	560	0	286	0	0	940	9	0	0	0	0	0	0	188	173	65	0	0	0	12	74	0	0	0	0	3	0	0	0	0	0	30347	0	0	0	0	0	0	0	0	0	0	179	0	0	0	0	0	0	0	795	308	0	0	0	0	0	588	233	0	1310	0	0	0	0	546	66	0	0	0	0	0	3	0	0	0	0	0	0	0	0	0	0	0	162	20	0	0	0	0	6933	0	0	0	0	0	0	0	0	0	0	0	23	19	0	0	57	0	0	48	0	0	0	0	0	0	287	0	0	358	0	0	0	188	4638	0	0	0	0	112	0	29	0	0	0	0	0	0	121	0	7	0	0	0	0	0	0	6	0	0	0	0	0	0	0	0	0	0	0	0	0	0	0	0	0	0	0	0	0	0	0	0	95	1917	0	0	0	0	0	0	0	0	0	0	0	0	0	0	0	0	0	33	0	2119	0	326	0	0	0	0	0	0	0	0	76	0	1736	886	0	0	43	106	0	2	0	0	0	0	10	0	0	0	0	0	0	0	0	0	0	0	0	82	14	0	0	0	0	0	0	0	779	0	0	0	0	0	0	0	7	0	9	0	0	0	20	0	2297	0	12	0	98	0	0	0
RTF045	0	0	0	0	0	0	0	0	0	0	0	0	0	0	0	1547	20	345	0	119	0	0	700	0	0	0	0	0	17	0	130	166	28	0	0	0	7	45	0	0	0	0	5	0	0	0	0	0	31606	0	0	0	0	0	0	0	0	0	0	130	0	0	0	0	0	0	0	2160	196	0	0	0	0	0	220	295	0	1097	0	0	0	0	584	88	0	0	0	0	0	5	0	0	0	0	0	0	0	0	0	0	0	139	41	0	0	0	3	7325	0	0	0	0	0	0	0	0	0	0	0	10	0	0	0	44	0	0	0	0	0	0	0	0	0	130	0	0	292	0	0	10	151	3992	0	0	0	0	110	0	18	0	0	0	0	3	0	88	0	8	0	0	0	0	0	0	0	0	0	0	0	0	0	0	0	0	0	0	0	0	0	0	0	0	0	0	0	0	0	0	0	72	1449	0	0	0	0	0	0	0	0	0	0	0	0	0	0	0	0	0	15	0	1545	0	221	0	0	0	0	0	0	0	0	77	0	4012	1384	0	35	18	129	0	0	0	0	0	0	18	0	0	0	0	0	0	0	0	0	0	0	0	64	0	6	0	0	0	0	0	0	653	0	0	0	0	0	0	0	0	0	31	0	0	0	14	0	1807	0	13	0	55	0	0	0
RTF046	0	0	0	0	0	0	0	0	0	0	0	0	0	0	0	802	8	928	0	523	15	9	794	0	0	0	0	0	53	0	133	122	62	0	0	0	0	132	0	0	0	0	0	9	51	0	0	0	19664	0	0	0	0	0	0	0	0	0	0	0	0	0	0	0	0	0	0	81	156	9	166	0	0	0	0	204	0	605	0	0	0	0	772	63	0	0	0	0	0	0	0	0	0	0	0	0	0	0	0	0	0	44	6	0	0	0	0	2076	0	0	0	0	0	0	0	0	0	0	0	60	23	0	0	183	0	74	0	0	0	0	0	0	0	271	0	0	408	0	0	12	47	2654	0	0	0	14	107	0	19	0	0	0	0	0	0	51	0	13	0	0	0	0	0	0	7	0	0	0	0	0	0	0	0	0	0	0	0	0	0	0	0	0	10	0	0	0	0	0	0	73	1183	0	0	0	0	0	0	0	0	0	0	0	0	0	0	0	0	0	70	0	702	0	112	0	0	0	0	0	0	0	0	22	0	629	654	0	16	10	389	0	10	0	0	0	0	7	0	0	0	0	0	0	0	0	0	0	0	0	151	10	0	0	0	0	0	0	0	279	0	0	0	0	0	0	9	5	0	12	0	0	0	21	0	848	0	15	0	47	0	0	0
RTF047	0	0	0	0	0	0	0	0	0	0	0	0	0	0	0	804	0	2246	0	573	24	0	966	0	0	0	0	0	61	0	181	153	51	0	0	0	13	136	0	0	0	0	0	6	18	0	0	0	21208	0	0	0	0	0	0	0	0	0	0	31	0	0	0	0	0	0	0	139	249	10	144	0	0	0	0	279	0	745	0	0	0	0	657	72	0	0	0	0	0	0	0	0	0	0	0	0	0	0	0	0	0	66	7	0	0	0	0	1886	0	0	0	0	0	0	0	0	0	0	0	67	40	0	0	244	10	125	0	0	0	0	0	0	0	359	0	0	432	16	0	23	55	4067	0	0	0	28	197	0	34	0	0	0	0	0	0	68	0	34	0	0	0	0	0	0	7	0	0	0	0	0	0	0	0	0	0	0	0	0	0	0	0	0	7	0	0	0	0	0	0	91	689	0	0	0	0	0	0	0	0	0	0	0	0	0	0	0	0	0	92	0	686	0	157	0	0	0	0	0	0	0	0	80	0	1143	930	0	0	14	554	0	28	0	0	0	0	8	0	0	0	0	0	0	0	0	0	0	0	5	216	0	0	0	0	0	0	0	0	232	0	0	0	0	0	0	9	0	0	4	0	0	0	45	0	1201	0	33	0	92	0	0	0
RTF048	0	0	0	0	0	0	0	0	0	0	0	0	0	0	0	794	11	1452	0	453	16	28	800	8	0	0	0	0	73	0	141	135	45	0	0	0	4	91	0	0	0	0	0	18	55	0	0	0	22499	0	0	0	0	0	0	0	0	0	0	93	0	0	0	0	0	0	7	593	233	9	149	0	0	0	0	386	0	727	0	0	0	0	557	72	0	0	0	0	0	0	0	0	0	0	0	0	0	0	0	0	0	68	6	0	0	0	0	1692	0	0	0	0	0	0	0	0	0	0	0	87	31	0	0	220	0	133	0	0	8	0	0	0	0	407	0	0	449	12	0	36	54	3885	0	0	0	14	144	0	32	0	0	0	0	0	0	70	0	30	0	0	0	0	0	0	5	0	0	0	0	0	0	0	0	0	0	0	0	0	0	0	0	0	0	0	0	0	0	0	0	127	1086	0	0	0	0	0	0	0	0	0	0	0	0	0	0	0	0	0	122	0	875	0	129	0	0	0	0	0	0	0	0	67	0	1212	820	0	0	22	693	0	35	0	0	0	0	7	0	0	0	0	0	0	0	0	0	0	0	0	157	7	5	0	0	0	0	0	0	352	0	0	0	0	0	0	0	0	0	18	0	0	0	20	0	1263	0	22	0	141	0	0	0
RTF049	0	0	0	0	0	0	0	0	0	17	0	0	0	0	0	763	19	1805	0	888	0	0	1662	0	13	0	0	11	32	0	152	146	98	0	0	0	10	126	0	0	0	0	0	0	53	0	0	0	17252	0	0	0	0	0	0	0	0	0	0	30	0	0	0	0	0	0	0	765	351	24	214	0	0	0	80	297	0	1086	0	0	4	0	715	81	0	0	10	0	49	4	0	0	0	0	0	0	3	0	0	0	0	98	29	0	0	0	0	2757	0	0	0	0	0	0	0	0	0	0	0	81	26	0	0	251	0	121	0	0	0	0	0	0	0	584	0	0	616	11	0	38	61	3699	0	0	0	26	248	0	42	0	0	0	0	0	0	83	0	16	0	0	0	6	0	0	93	0	0	0	0	0	0	40	0	0	0	0	0	0	0	0	0	0	3	0	0	0	0	0	0	281	1296	0	0	0	0	0	0	0	0	0	0	0	0	0	0	0	0	0	130	0	1235	0	153	0	0	0	0	0	0	0	0	63	0	1519	643	0	0	15	439	0	0	0	0	0	0	0	0	0	0	0	0	0	0	0	0	0	0	10	202	9	0	0	0	0	0	0	0	327	0	0	0	0	0	0	5	0	0	7	0	0	0	40	0	1363	0	21	0	152	0	0	0
RTF050	0	0	0	0	0	0	0	0	0	0	0	0	0	0	0	22	0	167	0	86	0	0	224	0	0	0	0	0	5	0	0	0	3	0	0	0	0	0	0	0	0	0	0	0	284	0	0	0	35891	0	0	0	0	0	0	0	0	0	0	53	0	0	0	0	0	0	0	203	47	0	11	0	0	0	0	7	0	21	0	0	0	0	12	0	0	0	0	0	0	0	0	0	0	0	0	0	0	0	0	0	0	0	0	0	0	0	0	373	0	0	0	0	0	0	0	0	0	0	0	0	5	0	0	14	0	0	0	0	0	0	0	0	0	19	0	3	14	0	0	0	0	195	0	0	0	0	14	0	0	0	0	0	0	0	0	0	0	0	0	0	0	0	0	0	0	0	0	0	0	0	0	0	0	0	0	0	0	0	0	0	0	0	0	0	0	0	0	0	0	32	120	0	0	0	0	0	0	0	0	0	0	0	0	0	0	0	0	0	0	0	81	0	60	0	0	0	0	0	0	0	0	51	0	4853	2654	0	0	0	13	0	0	0	0	0	0	0	0	0	0	0	0	0	0	0	0	0	0	0	9	0	0	0	0	0	0	0	0	7	0	0	0	0	0	0	0	0	0	0	0	0	0	0	0	18	0	0	0	0	0	0	0
RTF071	0	0	0	0	0	0	0	0	0	43	6	0	0	0	0	1217	16	514	0	2049	0	0	12096	49	11	0	0	0	0	0	202	32	72	0	0	0	7	18	0	0	0	0	0	0	813	7	0	0	11983	0	0	0	0	0	0	0	0	0	0	81	0	0	0	0	0	0	0	683	67	24	54	0	0	0	1147	146	0	1247	0	0	0	0	599	173	0	0	8	0	8	59	0	0	0	0	0	0	0	0	0	0	0	147	14	0	0	0	0	7069	0	0	0	0	0	0	0	0	0	0	0	618	42	0	0	247	0	91	103	5	71	0	0	0	0	1796	0	97	1597	0	0	101	186	2785	60	0	0	0	156	21	50	0	0	0	0	8	0	73	0	17	0	0	25	0	0	0	11	0	0	0	0	0	0	0	0	0	0	0	0	0	0	0	0	0	10	0	0	0	0	0	0	231	983	0	0	0	0	0	0	0	0	0	0	0	0	0	0	0	0	0	154	0	1514	0	178	0	0	0	0	0	0	0	0	0	0	993	539	0	12	230	150	0	0	0	0	0	3	312	0	0	0	0	0	0	0	0	0	0	0	156	77	14	0	0	0	0	0	0	0	366	0	0	0	0	0	0	22	9	0	130	0	0	0	197	0	518	0	6	0	189	0	0	0
RTF072	0	0	0	0	0	0	0	0	0	63	0	0	0	0	0	2629	16	537	0	1364	0	0	6192	0	0	3	0	0	41	0	264	57	35	0	0	0	10	42	0	0	0	0	0	0	803	0	0	0	10365	0	0	0	0	0	0	0	0	0	0	72	0	0	0	0	0	0	0	1898	79	0	16	0	0	0	2502	312	0	1360	0	0	0	0	629	167	0	0	0	9	9	102	0	0	0	0	0	0	0	0	0	0	0	289	14	0	0	0	0	2854	0	0	0	0	0	0	0	0	0	0	0	289	72	0	0	215	0	0	25	9	13	0	0	0	0	1802	0	56	829	0	0	111	181	2997	0	0	0	4	90	6	66	0	0	0	0	0	0	119	0	37	0	0	49	0	0	0	16	0	0	0	0	0	0	0	0	0	0	0	0	0	0	0	0	0	20	0	0	0	0	0	0	356	1130	0	0	0	0	0	0	0	25	0	0	0	0	0	0	0	0	0	201	0	1439	0	183	0	0	0	0	0	0	0	0	11	0	1222	634	0	14	142	272	0	0	0	0	0	0	120	0	0	0	0	0	0	0	0	0	0	0	65	50	10	0	0	0	0	0	0	0	477	0	0	0	0	0	0	38	13	0	118	0	0	0	275	0	597	0	0	0	134	0	0	0
RTF073	0	0	0	0	3	0	0	0	0	34	0	0	0	0	0	1053	8	294	0	737	0	0	4920	0	0	0	0	6	0	0	99	56	36	0	0	0	0	8	0	0	0	0	0	0	286	0	0	0	9958	0	0	0	0	0	0	0	0	0	0	45	0	0	0	0	0	0	4	274	39	0	5	0	0	0	1095	57	0	645	0	0	0	0	447	101	0	0	0	0	0	44	0	0	0	0	0	0	0	0	0	0	0	100	3	0	0	0	5	2284	0	0	0	0	0	0	0	0	0	0	0	169	18	0	0	119	0	0	0	0	7	0	0	0	0	1162	0	50	595	0	0	70	100	1894	0	0	0	0	52	0	28	0	0	0	0	3	0	45	0	9	0	0	35	0	0	0	3	0	4	0	0	0	0	0	0	0	0	0	0	0	0	0	0	0	11	0	0	0	0	0	0	221	575	0	0	0	0	0	0	0	34	0	0	0	0	0	0	0	0	0	88	0	926	0	113	0	0	0	0	0	0	0	0	0	0	898	436	0	0	110	120	0	0	0	0	0	0	95	0	0	0	0	0	0	0	0	0	0	0	67	28	0	4	0	0	0	0	0	0	228	0	0	0	0	0	0	16	0	0	76	0	0	0	164	0	438	0	4	0	48	0	0	0
RTF074	0	0	0	0	0	0	0	0	0	0	0	0	0	0	0	1720	11	295	0	935	0	0	6412	0	0	3	0	9	0	0	178	42	49	0	0	0	10	29	0	0	0	0	0	0	434	2	0	0	8487	0	0	0	0	0	0	0	0	0	0	70	0	0	0	0	0	0	0	137	64	0	34	0	0	0	1390	117	0	1054	0	0	0	0	720	141	0	0	0	0	0	27	0	0	0	0	0	0	0	0	0	0	0	164	0	0	0	0	0	3570	0	0	0	0	0	0	0	0	0	0	0	133	25	0	0	126	0	0	0	0	10	0	0	0	0	1225	0	0	533	0	0	46	119	2512	0	0	0	0	93	11	16	0	0	0	0	0	0	75	0	10	0	0	35	0	0	0	0	0	10	0	0	0	0	0	0	0	0	0	0	0	0	0	0	0	0	0	0	0	0	0	0	57	1284	0	0	0	0	0	0	0	0	0	0	0	0	0	0	0	0	0	122	0	1214	0	70	0	0	0	0	0	0	0	0	0	0	486	330	0	0	35	95	0	0	0	0	0	0	77	0	0	0	0	0	0	0	0	0	0	0	58	30	0	7	0	0	0	0	0	0	294	0	0	0	0	0	0	32	20	0	106	0	0	0	205	0	567	0	0	0	58	0	0	0
RTF076	0	0	0	0	0	0	0	0	0	0	0	0	0	0	0	4500	51	214	0	605	30	0	4880	175	0	0	0	50	0	0	1489	139	158	41	14	0	40	56	0	0	0	0	0	0	148	0	0	0	3353	0	0	0	0	0	0	0	0	0	0	75	0	0	0	0	0	0	0	107	67	0	101	0	0	0	0	246	0	2256	0	0	0	0	546	340	0	0	0	0	0	39	0	0	0	0	0	0	0	0	0	0	0	429	0	0	0	0	5	2178	0	0	0	0	0	0	0	0	0	0	0	14	118	0	0	0	0	0	0	0	9	0	0	0	0	2862	0	0	475	0	0	29	576	1897	0	0	0	29	189	0	82	0	0	0	0	41	0	168	0	34	0	0	0	0	0	0	2	0	0	0	0	0	0	123	0	0	0	0	0	0	0	0	0	0	0	0	0	0	0	0	0	17	1705	0	0	0	0	0	0	0	46	0	0	0	0	0	0	0	0	0	572	0	1048	0	41	0	0	0	0	0	0	0	0	0	0	76	59	0	0	15	777	0	0	0	0	0	0	0	0	0	0	0	0	0	0	0	0	0	0	0	254	10	0	9	0	0	0	0	0	295	0	0	0	0	0	0	153	13	0	194	0	0	0	175	0	3436	0	8	0	44	0	0	0
RTF078	0	0	0	0	0	0	0	0	0	0	0	0	0	0	0	851	0	219	0	270	0	0	2883	160	0	0	0	0	0	0	166	11	28	0	0	0	11	18	0	0	0	0	0	0	626	0	0	0	18069	0	0	0	0	0	0	0	0	0	0	42	0	0	0	0	0	0	0	3359	240	0	6	0	0	0	0	27	0	525	0	0	0	0	67	95	0	0	0	0	0	0	0	0	0	0	0	0	0	0	0	0	0	38	0	0	0	0	0	3764	0	0	0	0	0	0	0	0	0	0	0	34	12	0	0	0	0	0	0	0	0	0	0	0	0	658	0	8	112	0	0	0	81	530	0	0	0	0	42	15	0	0	0	0	0	0	0	40	0	0	0	0	0	0	0	0	0	0	0	0	0	0	0	0	0	0	0	0	0	0	0	0	0	0	0	0	0	0	0	0	0	189	1016	0	0	0	0	0	0	0	0	0	0	0	0	0	0	0	0	0	71	0	425	0	420	0	0	0	0	0	0	0	0	70	0	4494	1569	0	0	15	59	0	9	0	0	0	0	0	0	0	0	0	0	0	0	0	0	0	0	0	11	0	0	0	0	0	0	0	0	40	0	0	0	0	0	0	28	0	0	14	0	0	0	20	0	636	0	0	0	12	0	0	0
RTF079	0	0	0	0	0	0	0	0	0	0	0	0	0	0	0	1689	0	375	0	338	0	0	5164	261	4	0	0	0	0	0	213	11	36	0	0	0	8	19	0	0	0	0	0	0	306	0	0	0	17975	0	0	0	0	0	0	0	0	0	0	92	0	0	0	0	0	0	0	1720	337	0	22	0	0	0	0	178	0	782	0	0	0	0	118	129	0	0	0	0	0	41	0	0	0	0	0	0	0	0	0	0	0	53	0	0	0	0	5	1853	0	0	0	0	0	0	0	0	0	0	0	17	14	0	0	0	0	0	0	0	0	0	0	0	0	930	0	9	102	0	0	15	133	845	6	0	0	9	58	0	21	0	0	0	0	0	0	30	0	0	0	0	0	0	0	0	0	0	3	0	0	0	0	0	0	0	0	0	0	0	0	0	0	0	0	0	0	0	0	0	0	162	1287	0	0	0	0	0	0	0	0	0	0	0	0	0	0	0	0	0	146	0	1355	0	663	0	0	0	0	0	0	0	0	79	0	1722	1220	0	0	27	273	0	6	0	0	0	0	0	0	0	0	0	0	0	0	0	0	0	0	0	29	3	0	0	0	0	0	0	0	120	0	0	0	0	0	0	86	7	0	43	0	0	0	33	0	1279	0	0	0	36	0	0	0
RTF080	0	0	0	0	0	0	0	0	2	0	0	0	0	0	0	2058	0	253	0	652	0	0	4961	109	0	0	0	7	0	0	318	55	82	21	0	0	7	20	0	0	0	0	0	0	846	0	0	0	8747	0	0	0	0	0	0	0	0	0	0	48	0	0	0	0	0	0	0	412	72	0	22	0	0	0	50	182	0	1090	0	0	0	0	265	187	0	0	0	0	7	63	0	0	0	0	0	0	0	0	0	0	0	170	6	0	0	0	0	3225	0	0	0	0	0	0	0	0	0	0	0	0	44	0	0	0	0	0	0	0	0	0	0	3	0	1223	0	0	182	0	0	6	204	969	0	0	0	0	106	12	25	0	0	0	0	14	0	77	0	7	0	0	0	0	0	0	13	0	0	0	0	0	0	56	0	0	0	0	0	0	0	0	0	0	0	0	0	0	0	0	0	117	1759	0	0	8	0	0	0	0	0	0	0	0	0	0	0	0	0	0	231	0	649	0	241	0	0	0	0	0	0	0	0	12	0	763	447	0	0	0	431	0	0	0	0	0	0	15	0	0	0	0	0	0	0	0	0	0	0	0	30	0	0	0	0	0	0	0	0	230	0	0	0	0	0	0	116	12	0	101	0	0	0	76	0	1884	0	0	0	23	0	8	0
RTF102	96	0	80	26	27	18	5	0	433	133	83	0	163	106	0	370	67	778	10	214	0	0	1815	0	23	0	0	0	50	0	34	17	190	0	33	0	71	96	0	0	2	166	0	100	72	15	0	4	161	0	0	0	0	0	0	0	0	0	0	0	0	0	0	0	326	58	0	0	820	0	0	81	24	37	826	0	6	144	14	102	258	18	46	107	87	626	100	10582	26	1931	0	0	63	9	0	0	26	9	51	188	0	1395	35	18	17	31	62	55	0	0	92	35	0	204	47	89	0	42	9	103	23	54	0	0	0	0	84	10	0	38	23	0	40	3996	59	108	533	0	342	50	171	1335	54	0	7	0	16	145	97	0	0	4	68	14	177	197	0	427	9	0	9	0	0	58	317	12	152	63	0	17	42	1180	10	6	23	18	281	0	42	0	0	3	0	8	32	0	142	0	6	122	38	8	336	0	1289	0	19	188	55	42	73	0	199	207	3823	843	0	227	26	6	251	102	0	63	0	0	33	23	0	0	61	0	0	136	0	0	0	432	13	13	55	3	0	0	3	75	30	6	0	211	90	16	1010	38	153	14	0	34	9	5	35	0	0	0	14	0	169	895	82	89	17	111	984	0	96	98	382	66	24	101	389	438	24	2068	71	327	84	192	0	195	5
RTF103	53	0	73	0	7	0	32	0	94	73	17	0	119	26	0	63	8	213	0	39	0	0	590	0	0	0	0	0	0	0	5	5	121	0	4	0	14	39	2	0	0	49	0	0	25	0	0	0	127	0	0	0	0	0	0	0	0	0	0	3	0	0	0	0	0	13	0	0	1140	0	0	20	0	3	465	0	19	30	32	36	240	0	14	50	63	433	0	1505	150	234	0	0	119	0	0	0	0	0	16	40	0	260	0	0	0	0	8	0	0	9	0	2	0	72	14	53	0	98	0	145	0	51	0	0	0	0	83	0	0	0	0	0	11	2383	37	0	1374	0	103	46	91	686	27	0	0	0	18	132	26	0	0	0	28	6	73	85	0	107	0	0	0	0	0	7	658	0	68	0	0	14	0	346	0	0	125	89	0	0	0	0	0	0	0	0	24	0	21	0	0	46	11	0	1059	19	858	0	9	31	0	0	93	0	89	179	725	517	0	66	17	0	208	0	19	0	0	0	17	0	0	0	0	0	26471	40	45	0	0	101	0	0	74	0	0	0	8	74	0	0	0	57	300	29	192	44	18	0	9	20	0	6	0	5	0	0	0	0	0	285	66	68	0	51	215	0	10	0	43	0	12	15	64	106	8	620	12	139	47	37	0	263	8
RTF105	0	0	0	0	0	0	0	0	29	0	0	0	9	0	0	21	0	145	0	0	0	0	38	0	0	0	0	0	0	0	0	16	0	0	0	0	0	0	0	0	0	0	0	0	0	0	17	0	0	8	113	34	143	18	33	9	0	0	0	0	0	36	0	18	0	0	0	0	130	0	0	0	0	0	0	0	0	0	0	0	0	0	0	0	0	0	0	0	0	32	0	0	0	0	0	0	0	0	0	62	0	0	0	0	0	0	0	0	88	14	0	0	0	0	0	62	0	0	0	0	0	0	0	0	0	0	0	0	0	0	0	0	0	1232	0	0	0	0	0	0	0	0	0	0	0	0	0	0	0	0	0	8	0	0	0	0	0	239	0	0	0	0	0	0	17	0	0	0	0	0	0	0	0	0	0	0	0	0	0	0	0	0	0	0	0	0	0	106	0	0	0	0	17	277	0	0	0	27	0	0	0	0	0	0	24	0	0	0	0	0	0	0	0	0	11	24	0	0	0	0	0	0	596	24756	0	0	0	89	0	0	194	0	0	0	0	20	0	0	0	0	0	0	0	0	0	0	0	0	0	0	0	0	0	69	0	0	0	0	0	0	0	0	29	0	0	0	0	0	0	0	0	47	153	0	0	0	0	0	0	150	0
RTF106	42	0	0	0	17	0	71	0	169	692	160	0	60	110	0	350	152	917	0	729	0	0	2175	75	9	0	0	0	0	0	10	14	384	0	132	0	87	131	0	28	28	126	0	0	264	0	0	0	114	0	0	0	6	0	0	0	0	0	0	169	0	0	0	0	0	15	0	0	127	0	0	21	36	0	592	0	33	197	91	22	269	73	44	102	112	1128	104	2887	0	977	99	0	92	0	0	0	86	0	0	56	3	108	38	0	0	114	62	0	30	0	241	101	23	198	0	94	0	0	0	0	0	22	0	51	0	0	37	0	8	11	0	6	6	1903	58	114	323	0	145	47	151	681	0	0	0	0	44	0	23	0	0	0	31	0	63	143	14	721	0	0	42	0	0	20	154	43	61	29	0	0	5	984	0	9	13	23	0	0	18	0	0	0	36	0	0	0	241	7	0	0	55	0	134	0	51	7	0	0	0	0	0	89	134	208	1255	419	18	187	76	0	0	252	66	0	8	0	44	0	0	0	0	0	0	198	0	0	0	114	0	0	0	14	8	0	8	312	0	0	17	237	21	0	641	24	66	51	0	14	17	109	43	0	0	11	0	0	396	255	152	313	0	60	654	0	0	166	605	19	0	58	433	374	13	914	51	463	10	11	42	24	0
RTF107	0	0	0	0	0	0	0	0	41	0	18	0	0	0	0	0	7	48	0	55	0	0	155	0	0	0	0	0	0	0	0	0	23	0	0	0	0	3	0	0	0	109	0	0	0	0	0	0	22	0	0	0	0	4	16	0	0	0	0	0	8	0	0	0	32	0	0	0	101	0	0	0	0	0	177	0	0	48	0	0	74	16	0	12	0	43	0	560	0	239	0	0	0	0	0	0	0	0	0	0	0	0	0	0	0	0	0	0	32	7	0	0	0	10	0	0	0	5	0	0	0	12	0	0	0	0	14	0	0	0	13	0	52	314	50	0	24	0	130	0	0	185	28	0	0	0	0	0	0	0	0	0	0	0	54	0	16	111	0	0	0	0	0	0	36	0	24	73	0	0	0	58	0	0	35	0	0	0	0	0	0	0	0	0	0	0	79	0	0	0	0	0	0	0	0	0	4	0	0	67	7	12	15	13	80	19	0	0	0	0	103	0	0	0	21	0	0	0	0	0	0	0	0	32	0	0	0	0	3	0	0	0	0	0	0	0	0	0	0	72	36	0	144	0	10	0	0	8	0	0	0	0	0	0	0	0	0	8	0	7	0	17	95	0	0	0	46	0	8	0	0	100	0	293	0	25	0	32	0	89	0
RTF108	0	0	0	0	21	0	0	0	322	160	44	0	37	58	0	187	18	1289	0	553	0	4	1774	36	6	0	0	0	0	0	29	20	81	0	7	0	23	86	0	22	0	192	0	0	2998	11	0	0	8371	0	0	0	0	0	0	0	0	0	0	37	0	0	0	0	0	0	0	87	68	0	0	4	0	0	25	0	0	107	0	0	0	0	29	59	0	0	0	0	0	876	0	0	0	0	0	0	9	0	0	41	0	194	0	0	9	0	141	612	0	0	43	6	0	27	0	0	0	0	0	0	19	19	0	28	0	26	0	0	0	22	14	0	26	1882	0	31	548	0	202	0	31	830	23	0	0	0	11	13	63	0	3	0	0	0	66	40	0	281	2	0	13	0	0	0	14	0	11	37	0	13	0	0	0	0	0	0	0	0	18	0	0	0	0	4	0	0	0	0	0	23	324	0	0	0	0	0	0	66	25	38	0	0	119	0	408	0	0	0	32	0	33	0	291	31	0	0	34	0	8	0	0	12	5747	6770	279	0	24	67	25	0	260	4	0	0	2	88	20	0	0	127	0	16	666	0	87	0	0	50	8	5	5	0	5	0	0	0	19	229	71	0	0	40	614	0	40	90	157	23	37	61	246	157	9	1287	23	504	140	92	0	0	0
RTF109	5	5	0	0	10	0	0	5	199	87	62	0	5	57	0	105	16	2378	0	779	0	10	2857	24	9	0	0	0	0	0	25	0	46	0	0	0	5	41	0	18	0	243	0	0	666	0	6	0	2236	0	0	0	0	0	0	0	0	0	15	46	0	0	0	0	0	0	0	7	382	7	0	0	7	42	278	9	0	83	2	11	23	0	90	45	0	108	49	946	0	912	0	0	11	16	0	0	9	0	0	44	0	132	0	6	5	18	123	146	2	0	27	0	0	11	0	0	0	0	0	0	19	0	3	41	0	27	0	0	8	0	13	0	0	985	28	16	108	0	82	0	27	681	14	0	0	0	7	0	29	0	0	0	2	0	41	50	0	169	0	0	11	17	0	3	73	0	49	23	0	16	45	295	11	4	53	23	0	4	0	0	4	3	0	9	0	8	91	0	7	25	523	0	0	0	151	0	45	54	49	17	0	23	103	86	667	252	0	29	29	0	130	16	498	54	0	0	9	0	0	0	4	25	175	19303	201	0	42	51	58	0	482	0	0	4	0	40	12	0	0	118	0	35	444	20	21	7	0	46	13	0	6	0	0	0	0	5	55	185	46	22	0	18	406	0	60	50	186	58	31	68	144	139	16	888	42	339	80	119	0	51	10
RTF110	0	0	0	0	0	0	0	0	0	0	0	0	0	0	0	0	0	0	0	0	0	0	5	0	0	0	0	0	0	0	0	0	0	0	0	0	0	0	0	0	0	0	0	0	367	0	0	0	452	0	0	0	0	0	0	0	0	0	0	0	0	0	0	0	0	0	0	0	0	0	0	0	0	0	0	0	0	0	0	0	0	0	0	0	0	0	0	0	0	0	0	0	0	0	0	0	0	0	0	0	0	0	0	0	0	0	0	0	0	0	0	0	0	0	0	0	0	0	0	0	0	0	0	0	0	0	0	0	0	0	0	0	0	0	0	0	0	0	0	0	0	0	0	0	0	0	0	0	0	0	0	0	0	0	0	0	0	0	0	0	0	0	0	0	0	0	0	0	0	0	0	0	0	0	0	0	0	0	0	0	0	0	0	0	0	0	0	0	0	0	0	0	0	0	0	0	0	0	0	0	0	0	0	0	0	0	0	0	0	0	0	0	101	0	0	0	0	0	0	0	0	0	33906	9342	140	0	0	0	0	0	0	0	0	0	0	0	0	0	0	0	0	0	0	0	0	0	0	0	0	0	0	0	0	0	0	0	0	0	0	0	0	0	0	0	0	0	0	0	0	0	0	0	0	0	0	0	0	0	0	0	0
RTF131	0	0	0	0	0	0	0	0	0	81	0	0	0	0	0	642	0	2041	0	615	176	0	7893	0	0	0	0	0	0	0	27	10	22	0	0	0	6	11	0	0	0	0	0	0	261	0	0	0	12060	0	0	0	0	0	0	0	0	0	0	0	0	0	0	0	0	0	0	73	6	0	0	0	0	0	325	119	0	340	0	0	0	0	235	40	0	0	0	0	0	62	0	0	0	0	0	0	0	0	0	0	0	79	7	0	0	0	0	3984	0	0	0	0	0	0	0	0	0	0	0	66	10	0	0	80	0	0	0	0	0	0	0	0	0	443	0	45	563	0	0	44	66	656	0	0	0	0	20	16	20	0	0	0	0	4	0	30	0	11	0	0	0	0	0	0	14	0	0	0	0	0	0	0	0	0	0	0	0	0	0	0	0	0	0	0	0	0	0	0	0	60	200	0	0	3	0	0	0	0	0	0	0	0	0	0	0	0	0	0	45	0	180	0	26	0	0	0	0	0	0	0	0	0	0	375	211	0	0	45	86	0	0	0	0	0	0	100	0	0	0	0	0	0	0	0	0	0	0	72	44	0	0	0	0	0	0	0	0	127	0	0	0	0	4	0	97	0	0	72	0	0	0	100	0	59	0	6	0	19	0	0	0
RTF132	0	0	0	0	10	0	0	0	2	31	0	0	0	0	0	2897	29	523	0	1147	0	0	5734	0	18	0	0	7	0	0	333	32	165	0	0	0	25	58	0	0	0	0	0	0	541	13	0	0	18296	0	0	0	0	0	0	0	0	0	0	0	0	0	4	0	0	0	0	203	0	5	11	0	0	0	859	416	0	1537	0	0	0	0	915	192	0	0	0	0	0	190	0	0	0	0	0	0	0	0	0	0	0	222	10	0	0	0	0	8768	0	0	0	0	0	0	0	0	0	0	0	197	45	0	0	115	0	0	0	13	0	0	0	0	0	1681	0	64	1364	0	0	65	279	1867	0	0	0	7	65	22	99	0	0	0	0	5	0	80	0	35	0	0	9	0	0	0	6	0	10	0	0	0	0	0	0	0	0	0	0	0	0	0	0	0	23	0	0	0	0	0	0	139	812	0	0	0	0	0	0	0	0	0	0	0	0	0	0	0	0	0	199	0	572	0	113	0	0	0	0	0	0	0	0	0	0	291	380	0	0	102	343	0	0	0	0	0	0	121	0	0	0	0	0	0	0	0	0	0	0	59	33	0	3	0	0	0	0	0	0	326	0	0	0	0	0	0	161	3	0	221	0	0	0	287	0	265	0	0	0	56	0	0	0
RTF133	0	0	0	0	0	0	0	0	0	31	0	0	0	0	0	1347	13	372	0	663	0	0	2818	0	0	0	0	0	3	0	98	0	30	0	0	0	5	18	0	0	0	0	0	0	2608	0	0	0	31399	0	0	0	0	0	0	0	0	0	0	0	0	0	0	0	0	0	5	275	6	4	8	0	0	0	348	232	0	462	0	0	0	0	213	65	0	0	0	0	0	84	0	0	0	0	0	0	0	0	0	0	0	72	0	0	0	0	2	9218	0	0	0	0	0	0	0	0	0	0	0	73	0	0	0	64	0	0	0	0	0	0	0	0	0	557	0	0	444	0	0	26	87	733	0	0	0	7	17	8	40	0	0	0	0	0	0	36	0	20	0	0	0	0	0	0	3	0	0	0	0	0	0	0	0	0	0	0	0	0	0	0	0	0	9	0	0	0	0	0	0	85	223	0	0	0	0	0	0	0	0	0	0	0	0	0	0	0	0	0	80	0	206	0	82	0	0	0	0	0	0	0	0	0	0	1600	734	0	0	23	156	0	0	0	0	0	0	15	0	0	0	0	0	0	0	0	0	0	0	15	4	0	0	0	0	0	0	0	0	120	0	0	0	0	0	0	55	0	0	87	0	0	0	90	0	81	0	0	0	8	0	0	0
RTF134	0	0	0	0	23	0	0	0	14	903	66	0	0	0	0	2713	71	447	0	1914	0	0	3677	0	9	0	0	0	0	0	450	89	215	0	32	0	80	56	0	0	0	0	0	0	522	0	0	0	2253	0	0	0	0	0	0	0	0	0	0	162	0	0	0	0	0	0	7	16	111	0	0	0	0	0	1451	281	0	2110	0	0	35	0	1071	268	26	78	0	126	17	1167	30	0	0	0	0	0	0	0	64	135	0	306	10	0	0	0	4	945	4	0	0	0	0	0	0	0	0	12	0	111	78	0	0	45	0	0	38	41	0	0	0	0	0	1848	0	271	565	0	0	59	358	1928	0	0	0	0	41	14	203	0	0	0	0	8	0	180	0	160	2	0	29	38	0	0	113	0	8	0	0	0	7	88	0	4	0	0	0	0	0	0	0	0	20	0	0	0	0	12	0	16	412	0	0	8	0	0	0	0	7	0	0	10	0	0	37	0	0	117	314	0	302	31	49	0	0	0	0	0	0	0	0	7	0	59	116	0	0	48	187	0	0	0	0	0	8	55	0	30	0	0	0	0	0	22	0	10	0	34	56	23	15	0	0	0	0	0	207	462	0	40	0	0	0	0	156	20	0	401	0	0	0	495	0	953	0	10	2	32	0	52	0
RTF135	0	0	0	0	0	0	0	0	0	92	0	0	0	0	0	441	0	1547	0	1883	0	0	2611	17	0	0	0	0	0	0	27	2	43	0	0	0	4	8	0	0	0	0	0	0	1007	8	0	0	19111	0	15	4	0	8	10	0	0	0	0	0	0	21	0	0	0	0	0	1207	0	0	0	0	0	0	110	0	0	144	0	0	0	0	61	4	0	0	0	0	0	17	0	0	0	0	0	0	0	0	0	0	0	0	0	0	0	0	0	7757	0	0	0	0	0	0	0	0	0	0	0	0	0	0	0	42	0	0	10	0	0	0	0	0	0	259	0	48	227	0	0	0	49	343	8	0	0	0	32	0	20	0	0	0	0	0	0	3	0	0	0	0	0	0	0	0	0	0	0	0	0	0	0	0	0	0	0	0	0	0	0	0	0	0	0	0	0	0	0	0	0	76	128	0	0	11	0	0	0	0	0	0	0	0	0	0	0	0	0	0	8	0	60	0	176	0	0	0	0	0	0	0	0	0	0	571	1103	0	0	35	66	0	0	0	0	0	0	46	0	0	0	0	0	0	0	0	0	0	0	20	16	0	0	0	0	0	0	0	0	46	0	0	0	0	0	0	76	0	0	54	0	0	0	28	0	104	0	0	0	73	0	0	0
RTF136	0	0	0	0	0	0	0	0	0	11	0	0	0	0	0	2094	12	640	0	424	48	0	5703	291	5	0	0	0	0	0	309	53	94	0	0	0	13	34	0	0	0	0	0	0	1108	3	0	0	9513	0	0	0	0	0	0	0	0	0	0	56	0	0	0	0	0	0	0	231	402	0	7	0	0	0	602	202	0	1857	0	0	0	0	279	298	0	0	0	0	0	156	0	0	0	0	0	0	0	0	0	0	0	164	11	0	0	0	0	2058	0	0	0	0	0	0	0	0	0	0	0	30	71	0	0	0	0	0	0	0	0	0	0	0	0	1111	0	76	183	0	0	46	145	1101	0	0	0	14	95	25	34	0	0	0	0	14	0	63	0	21	0	0	0	0	0	0	0	0	0	0	0	0	0	0	0	0	0	0	0	0	0	0	0	0	0	0	0	0	0	0	0	281	1540	0	0	0	0	0	0	0	0	0	0	0	0	0	0	0	0	0	308	0	653	0	610	0	0	0	5	0	0	0	4	33	0	1114	708	0	0	18	195	0	0	0	0	0	4	23	0	0	0	0	0	0	0	0	0	0	0	15	50	0	0	0	0	0	0	0	0	155	0	0	0	0	2	0	386	0	0	98	0	0	0	98	0	2695	0	0	0	73	0	0	0
RTF137	0	0	0	0	0	0	0	0	0	8	0	0	0	0	0	654	0	207	0	212	0	0	3764	226	3	0	0	0	0	0	71	0	30	0	0	0	0	0	0	0	0	0	0	3	188	0	0	0	17423	0	0	0	0	0	0	0	0	0	0	0	0	0	0	0	0	0	0	5397	174	0	0	0	0	0	116	34	0	391	0	0	0	0	68	85	0	0	0	0	0	31	0	0	0	0	0	0	0	0	0	0	0	33	14	0	0	0	0	6996	0	0	0	0	0	0	0	0	0	0	0	14	0	0	0	0	0	0	0	0	6	0	0	0	0	391	0	0	56	0	0	0	75	344	0	0	0	0	39	0	5	0	0	0	0	0	0	26	0	2	0	0	0	0	0	0	3	0	0	0	0	0	0	0	0	0	0	0	0	0	0	0	0	0	0	0	0	0	0	0	0	389	983	0	0	0	0	0	0	0	0	0	0	0	0	0	0	0	0	0	39	0	277	0	316	0	0	0	0	0	0	0	0	20	0	1149	1786	0	0	11	40	0	0	0	0	0	0	2	0	0	0	0	0	0	0	0	0	0	0	8	20	0	0	0	0	0	0	0	0	37	0	0	0	0	0	0	81	0	0	21	0	0	0	26	0	520	0	0	0	17	0	0	0
RTF138	0	0	0	0	0	0	0	0	0	53	0	0	0	0	0	1184	0	1609	0	480	480	0	5753	446	0	0	0	0	0	0	173	27	45	0	0	0	26	23	0	0	0	0	0	4	652	0	0	0	12088	0	0	0	0	0	0	0	0	0	0	39	0	0	0	0	0	0	2	1281	175	0	3	0	0	0	205	101	0	1009	0	0	0	0	85	125	0	0	0	0	0	82	0	0	0	0	0	0	0	0	0	0	0	101	9	0	0	0	5	2462	0	0	0	0	0	0	0	0	0	0	0	74	41	0	0	0	0	0	9	0	0	0	0	0	0	835	0	140	217	0	0	36	84	768	0	104	0	0	30	44	65	0	0	0	0	15	0	70	0	15	0	0	0	0	0	0	2	0	0	0	0	0	0	0	0	0	0	0	0	0	0	0	0	0	0	0	0	0	0	0	0	388	712	0	0	0	0	0	0	0	0	0	0	0	0	0	0	0	0	0	116	0	423	0	433	0	0	0	0	0	0	0	0	48	0	2665	1088	0	0	42	101	0	12	0	0	0	0	21	0	0	0	0	0	0	0	0	0	0	0	16	12	0	0	0	0	0	0	0	0	137	0	0	0	0	0	0	219	0	0	60	0	0	0	44	0	1541	0	16	0	101	0	0	0
RTF139	0	0	0	0	0	0	0	0	0	14	0	0	0	0	0	862	0	547	0	449	24	0	8293	149	0	0	0	0	0	0	160	9	66	0	0	0	9	8	0	0	0	0	0	0	385	0	0	0	18948	0	0	0	0	0	0	0	0	0	0	62	0	0	0	0	0	0	0	374	142	0	0	0	0	0	138	72	0	1004	0	0	0	0	93	175	0	0	0	5	0	95	0	0	0	0	0	0	0	0	0	0	0	108	3	0	0	0	0	3454	0	0	0	0	0	0	0	0	0	0	0	0	24	0	0	14	0	0	0	0	0	0	0	0	0	698	0	32	210	0	0	16	103	428	0	0	0	5	50	34	23	0	0	0	0	14	0	41	0	6	0	0	0	0	0	0	5	0	0	0	0	0	0	0	0	0	0	0	0	0	0	0	0	0	0	0	0	0	0	0	0	144	849	0	0	0	0	0	0	0	0	0	0	0	0	0	0	0	0	0	88	0	354	0	258	0	0	0	0	0	0	0	0	24	0	1980	406	0	0	28	56	0	0	0	0	0	0	17	0	0	0	0	0	0	0	0	0	0	0	7	12	0	0	0	3	0	0	0	0	183	0	0	0	0	0	0	181	0	0	45	0	0	0	63	0	1192	0	0	0	88	0	0	0
RTF140	0	0	0	0	0	0	0	0	0	52	0	0	0	0	0	1491	0	831	0	444	31	0	5327	255	0	0	0	0	0	0	258	33	42	0	0	3	7	18	0	0	0	0	0	0	686	0	0	0	18881	0	0	0	0	0	0	0	0	0	0	32	0	0	0	0	0	0	0	1457	342	0	0	0	0	0	454	127	0	1166	0	0	0	0	100	166	0	0	3	0	0	118	0	0	0	0	0	0	0	0	0	0	0	89	13	0	0	0	0	3924	0	0	0	0	0	0	0	0	0	0	0	5	46	0	0	30	0	23	0	8	0	0	0	0	0	936	0	93	160	0	0	40	120	811	0	0	0	2	53	32	46	0	0	0	0	8	0	92	0	11	0	0	0	0	0	0	8	0	0	0	0	0	0	29	0	0	0	0	0	0	0	0	0	0	0	0	0	0	0	0	0	306	1235	0	0	0	0	0	0	0	5	0	0	0	0	0	0	0	0	0	173	0	431	0	363	0	0	0	0	0	0	0	0	32	0	3689	660	0	0	76	169	0	0	0	0	0	0	9	0	0	0	0	0	0	0	0	0	0	0	7	0	0	0	0	0	0	0	0	0	173	0	0	0	0	0	0	201	13	0	78	0	0	0	70	0	2124	0	12	0	101	0	0	0
RTF161	0	0	0	0	0	0	0	0	8	17	0	0	0	0	0	0	0	185	0	50	0	0	361	0	0	0	0	0	0	0	0	0	6	0	0	0	2	3	0	0	0	27	0	7	0	0	0	0	13	0	0	0	0	0	0	0	0	0	0	0	0	0	0	0	0	0	0	0	4	0	0	0	0	0	0	0	0	0	0	182	0	0	0	0	0	3	0	0	0	0	0	0	0	0	0	0	6	0	2	0	0	365	0	0	0	0	0	0	0	0	0	0	0	0	0	0	0	6	0	0	0	0	0	0	0	0	0	0	0	0	0	0	0	203	0	0	2	0	14	0	0	132	9	0	0	0	0	0	0	0	0	0	24	0	15	0	0	33	0	0	0	0	0	0	6	0	7	0	0	0	0	0	0	0	0	0	0	0	0	0	0	0	0	0	0	0	6	0	211	206	0	0	0	0	0	0	0	0	0	0	0	0	0	0	32	43	0	0	0	0	0	0	0	0	0	0	0	0	0	0	0	0	0	41521	0	0	21	0	0	0	576	0	0	0	0	3	0	0	0	8	0	0	29	0	10	0	0	0	0	0	0	0	0	0	0	0	0	8	2	0	0	12	40	0	2	2	57	0	0	6	11	38	0	132	16	59	63	0	0	0	0
RTF163	0	0	0	0	0	0	0	0	0	0	52	0	0	0	0	0	0	0	0	0	0	0	0	0	0	0	0	0	0	24	0	0	0	0	0	0	0	0	0	0	0	0	0	52	0	0	0	0	0	0	0	0	0	0	0	0	0	0	0	0	0	0	0	0	0	0	0	0	46	0	0	0	0	0	0	0	0	0	0	0	0	0	0	0	0	0	0	0	0	0	0	0	0	0	0	0	0	0	0	0	0	0	0	0	0	0	0	0	0	0	0	0	0	0	0	100	0	0	0	0	0	0	0	0	0	0	0	0	0	0	0	0	0	20	0	0	0	0	0	0	0	0	0	0	0	0	0	0	0	0	0	0	0	0	0	0	6	0	3	0	0	0	0	0	0	0	0	0	0	0	0	0	0	0	0	0	0	0	0	0	0	0	0	0	0	0	0	0	159	0	0	0	0	0	0	0	0	0	0	0	0	0	0	0	0	0	0	0	0	0	0	0	0	0	0	0	0	0	0	0	0	0	0	43536	0	0	0	0	0	0	0	0	0	0	0	0	0	0	0	0	0	0	0	0	0	0	0	0	0	0	0	0	0	0	0	0	0	0	0	0	0	0	0	0	0	0	0	0	0	0	0	0	0	0	0	0	0	0	0	0	0
RTF164	0	0	0	0	0	0	0	0	0	0	0	0	0	0	0	0	0	0	0	0	0	0	3	0	0	0	0	0	0	0	0	0	6	0	0	0	0	0	0	0	0	24	0	0	0	0	0	0	105	0	0	0	0	0	0	0	0	0	0	0	0	0	0	0	0	0	0	0	0	0	0	0	0	0	0	0	0	0	0	365	0	0	0	0	0	0	0	0	0	0	0	0	0	0	0	0	0	0	0	0	0	18	0	0	0	0	0	0	0	0	0	0	0	0	0	0	0	0	0	58	0	0	0	0	0	0	0	0	0	0	0	0	0	73	0	0	0	0	0	0	0	0	0	0	0	0	0	0	0	0	0	0	103	0	25	0	0	0	0	0	0	0	0	0	5	0	0	0	0	0	0	0	0	0	0	0	0	0	0	0	0	0	0	0	0	0	0	0	157	59	0	127	0	0	0	0	0	0	0	0	0	0	0	0	31	201	0	0	0	0	0	0	0	0	0	0	0	0	0	0	0	0	0	30107	0	64	0	0	0	0	1290	4	0	0	0	0	0	0	0	0	0	0	0	0	0	0	0	0	0	0	0	0	0	0	0	0	0	0	0	0	0	0	0	0	0	0	0	0	0	0	102	0	0	0	0	0	0	0	0	0	0
RTF166	0	0	0	0	0	0	0	0	9	0	0	0	7	0	0	0	0	30	0	57	0	0	281	0	5	0	0	0	0	0	17	0	0	0	0	0	0	0	0	0	0	14	0	0	0	0	0	0	0	0	0	0	0	0	0	0	0	0	0	0	0	0	0	0	0	0	0	0	0	0	0	0	0	0	0	0	0	0	0	0	0	0	0	0	0	0	0	0	0	0	0	0	0	0	0	0	0	0	0	0	0	11	0	0	0	0	0	0	0	0	0	0	0	17	0	0	0	0	0	18	0	0	0	0	0	0	0	0	0	0	0	0	0	185	0	0	37	0	7	0	0	127	22	0	0	0	0	0	0	0	0	0	0	0	0	8	0	0	0	0	0	0	0	0	0	0	0	0	0	0	0	0	0	0	0	0	0	0	0	0	0	0	0	0	0	0	0	0	29	0	0	0	0	0	0	0	0	0	0	0	0	0	0	0	0	0	0	0	0	0	0	0	0	0	0	0	0	0	0	0	0	0	44913	14288	873	42	0	0	0	0	453	0	0	0	0	20	0	0	0	0	0	0	6	0	0	0	0	0	9	0	0	0	0	0	0	0	0	0	0	0	0	24	63	0	0	0	35	0	0	0	12	0	0	22	0	0	10	0	0	0	0
RTF191	0	0	0	0	0	0	0	0	0	260	62	0	0	0	0	3261	40	1467	0	1418	81	0	7517	0	0	0	0	0	0	0	357	35	140	0	0	0	19	89	0	0	0	0	0	0	380	0	0	0	7198	0	0	0	0	0	0	0	0	0	0	32	0	0	0	0	0	0	0	15	0	7	0	0	0	0	442	57	0	2224	0	0	0	0	471	264	0	0	8	7	0	520	0	0	0	0	0	0	0	0	0	0	0	155	0	0	0	0	5	1735	0	0	0	0	0	0	0	0	0	0	0	180	54	0	0	185	0	0	0	16	0	0	0	0	0	1730	0	65	528	0	0	56	261	1328	0	0	0	10	46	11	254	0	0	0	0	4	0	166	0	87	0	0	8	8	2	0	25	0	3	0	0	0	0	13	0	0	0	5	0	0	0	0	0	0	32	0	0	0	0	0	0	48	321	0	0	0	0	0	0	0	0	0	0	0	0	0	0	0	0	0	279	0	61	0	20	0	0	0	11	0	0	0	0	0	0	103	105	0	0	0	411	0	0	0	0	0	0	92	0	0	0	0	0	0	0	0	0	0	0	50	31	0	0	0	2	0	0	0	3	250	0	0	0	0	107	0	269	45	0	309	0	0	0	367	0	179	0	13	0	10	0	0	0
RTF192	0	0	0	0	0	0	0	0	14	1582	29	0	0	0	0	1684	21	1708	0	1720	70	0	12399	0	26	19	0	6	16	0	329	9	143	0	26	0	45	118	0	0	0	0	0	0	318	11	0	0	3369	0	0	0	0	0	0	0	0	0	18	37	0	0	0	0	0	0	0	0	0	0	0	0	0	0	416	23	0	2093	0	0	0	0	225	164	0	0	0	0	0	803	0	0	0	0	0	0	0	0	0	0	0	90	0	0	0	0	0	538	0	0	0	0	0	0	0	0	0	0	0	476	17	0	8	222	0	0	56	0	17	0	0	0	0	1859	0	445	1185	0	0	69	299	1185	0	0	0	0	45	135	383	0	0	0	0	43	0	131	0	95	0	0	7	0	0	0	30	0	0	0	0	0	0	0	0	0	0	0	0	0	0	0	0	0	10	0	0	0	0	0	0	23	157	0	0	0	0	0	0	0	0	0	0	0	0	0	0	0	0	0	135	0	97	0	35	0	0	0	0	0	0	0	0	0	0	61	205	0	0	106	67	0	0	0	0	0	0	136	0	0	0	0	0	0	0	0	0	0	0	111	59	15	0	0	0	0	0	0	0	181	0	0	0	0	46	0	401	30	0	324	0	0	0	400	0	690	0	134	0	216	0	0	0
RTF193	0	0	0	0	0	0	0	0	6	382	38	0	0	0	0	2170	28	1245	0	1195	32	0	9446	0	0	0	0	0	20	0	222	32	163	0	0	0	28	101	0	0	0	0	0	0	389	8	0	0	9334	0	0	0	0	0	0	0	0	0	19	71	0	0	0	0	0	0	0	0	0	4	6	0	0	0	160	75	0	1675	0	0	0	0	171	150	0	0	0	0	0	372	0	0	0	0	0	0	0	0	0	0	0	130	0	0	0	0	0	1266	0	0	0	0	0	0	0	0	0	0	0	73	32	0	0	106	0	0	0	11	14	0	0	0	0	1554	0	228	768	0	0	47	208	980	0	0	0	0	24	46	174	0	0	0	0	14	0	102	0	80	0	0	0	0	0	0	13	0	0	0	0	0	0	0	0	0	0	0	0	0	0	0	0	0	12	0	0	0	0	0	0	100	422	0	0	0	0	0	0	0	12	0	0	0	0	0	0	0	0	0	189	0	53	0	45	0	0	0	5	0	0	0	0	0	0	120	159	0	0	60	175	0	0	0	0	0	4	141	0	0	0	0	0	0	0	0	0	0	0	153	30	8	0	0	4	0	0	0	0	154	0	0	0	0	53	0	268	26	0	282	0	0	0	323	0	258	0	39	0	42	0	0	0
RTF194	0	0	0	0	12	0	0	0	0	330	63	0	0	0	0	3188	0	1486	0	1450	39	0	7724	0	0	0	0	0	0	0	258	20	106	0	11	0	21	64	0	0	0	0	0	0	438	12	0	0	8962	0	0	0	0	0	0	0	0	0	0	40	0	0	0	0	0	0	0	0	0	0	0	0	0	0	1518	173	0	1761	0	0	0	0	358	238	0	0	0	0	0	800	0	0	0	0	0	0	0	0	0	0	0	136	0	0	0	0	0	2442	0	0	0	0	0	0	0	0	0	0	0	97	30	0	0	89	0	0	0	10	15	0	0	0	0	1604	0	75	516	0	0	58	184	1284	0	0	0	11	50	11	170	0	0	0	0	6	0	102	0	96	0	0	0	0	0	0	13	0	0	0	0	0	0	0	0	0	0	0	0	0	0	0	0	0	29	0	0	0	0	0	0	33	398	0	0	0	0	0	0	0	0	0	0	0	0	0	0	0	0	0	275	0	132	0	18	0	0	0	13	0	0	0	0	0	0	47	78	0	0	10	274	0	0	0	0	0	0	80	0	0	0	0	0	0	0	0	0	0	0	76	28	0	9	0	0	0	0	0	0	219	0	0	0	0	41	0	301	30	0	360	0	0	0	300	0	193	0	0	0	32	0	0	0
RTF195	0	0	0	0	11	0	0	0	0	332	63	0	0	0	0	2930	26	1115	0	1357	48	0	6835	0	0	0	0	0	0	0	168	39	133	0	0	0	22	50	0	0	0	0	0	0	418	0	0	0	9452	0	0	0	0	0	0	0	0	0	0	43	0	0	0	0	0	0	0	0	0	2	3	0	0	0	1336	199	0	1625	0	0	0	0	373	196	0	0	0	0	0	836	0	0	0	0	0	0	0	0	0	0	0	150	0	0	0	0	0	2455	0	0	0	0	0	0	0	0	0	0	0	125	43	0	0	150	0	0	0	0	10	0	0	0	0	1430	0	96	521	0	0	42	185	1053	0	0	0	0	21	29	172	0	0	0	0	5	0	173	0	78	0	0	4	0	0	0	24	0	0	0	0	0	0	0	0	0	0	0	0	0	0	0	0	0	0	0	0	0	0	0	0	46	550	0	0	0	0	0	0	0	9	0	0	0	0	0	0	0	0	0	246	0	101	0	35	0	0	0	8	0	0	0	0	0	0	90	101	0	0	30	265	0	0	0	0	0	0	77	0	0	0	0	0	0	0	0	0	0	0	37	22	0	0	0	0	0	0	0	0	466	0	0	0	0	61	0	294	31	0	335	0	0	0	272	0	150	0	14	0	13	0	0	0
RTF196	0	0	0	0	14	0	0	0	0	144	30	0	0	0	0	1245	0	660	0	415	85	0	10296	180	0	0	0	0	0	0	265	18	67	0	0	0	12	12	0	0	0	0	0	0	968	0	0	0	7212	0	0	0	0	0	0	0	0	0	0	35	0	0	0	0	0	0	0	41	34	0	0	0	0	0	917	253	0	1081	0	0	0	0	132	158	0	0	0	0	0	295	0	0	0	0	0	0	0	0	0	0	0	106	0	0	0	0	0	2989	0	0	0	0	0	0	0	0	0	0	0	47	77	0	0	0	0	0	30	0	0	0	0	0	0	597	0	139	126	0	0	43	74	414	0	0	0	5	55	45	72	0	0	0	0	12	0	75	0	17	0	0	0	0	0	0	0	0	3	0	0	0	0	0	0	0	7	0	0	0	0	0	0	0	0	0	0	0	0	0	0	43	928	0	0	0	0	0	0	0	0	0	0	0	0	0	0	0	0	0	134	0	83	0	133	0	0	0	0	0	0	0	3	0	0	67	59	0	0	4	219	0	0	0	0	0	6	31	0	0	3	0	0	0	0	0	0	0	0	25	33	4	0	0	0	0	0	0	0	248	0	0	0	0	15	0	337	0	0	74	0	0	0	69	0	2146	0	8	0	27	0	0	0
RTF197	0	0	0	0	0	0	0	0	0	350	43	0	0	0	0	1698	0	2408	0	632	808	0	9691	333	0	0	0	0	14	0	412	39	78	0	13	0	25	39	0	0	0	0	0	6	647	0	0	0	3615	0	0	0	0	0	0	0	0	0	0	49	0	0	0	0	0	0	0	0	26	0	0	0	0	0	1833	162	0	2051	0	0	0	0	199	328	0	0	0	0	0	532	0	0	0	0	0	0	0	0	20	0	0	211	7	0	0	0	0	2178	0	0	0	0	0	0	0	0	0	0	0	57	77	0	0	0	0	35	0	0	19	0	0	0	0	1108	0	271	230	0	0	25	143	748	0	0	0	22	54	51	148	0	0	0	0	29	0	199	0	39	0	0	0	0	0	0	28	0	0	0	0	0	0	0	0	0	9	0	0	0	0	0	0	0	0	0	0	0	0	0	0	27	1259	0	0	0	0	0	0	0	0	0	0	0	0	0	0	0	0	0	201	0	116	0	202	0	0	0	6	0	0	0	0	0	0	48	81	0	0	10	208	0	0	0	0	0	15	30	0	0	9	0	0	0	0	0	0	0	0	76	34	7	0	0	0	0	0	0	0	526	0	0	0	0	36	0	469	9	0	122	0	0	0	105	0	3201	0	44	0	43	0	0	0
RTF198	0	0	0	0	9	0	0	0	0	141	29	0	0	0	0	2527	23	533	0	433	64	0	7612	266	0	0	0	0	0	0	626	34	61	0	0	0	12	51	0	0	0	0	0	0	1095	0	0	0	3757	0	0	0	0	0	0	0	0	0	0	27	0	0	0	0	0	0	0	18	172	0	4	0	0	0	1551	166	0	1856	0	0	0	0	255	387	0	0	0	0	0	420	0	0	0	0	0	0	0	0	3	0	0	151	10	0	0	0	2	2429	0	0	4	0	0	0	0	0	0	0	0	18	71	0	0	0	0	0	0	0	0	0	0	0	0	1083	0	118	193	0	0	28	195	939	0	0	0	18	69	10	129	0	0	0	0	16	0	149	0	21	0	0	0	0	0	0	15	0	0	0	0	0	0	0	0	0	0	0	0	0	0	0	0	0	3	0	0	0	0	0	0	24	1547	0	0	0	0	0	0	0	0	0	0	0	0	0	0	0	0	0	310	0	187	0	359	0	0	0	2	0	0	0	13	0	0	39	113	0	0	3	211	0	0	0	0	0	11	22	0	0	0	0	0	0	0	0	0	0	0	8	39	5	7	0	0	0	0	0	0	389	0	0	0	0	47	0	583	8	0	96	0	0	0	108	0	3533	0	10	0	20	0	0	0
RTF199	0	0	0	0	15	0	0	0	0	155	29	0	0	0	0	3548	14	720	0	471	72	0	6960	317	0	0	0	0	0	0	837	44	123	5	0	0	22	55	0	0	0	0	0	0	825	0	0	0	3658	0	0	0	0	0	0	0	0	0	0	38	0	0	0	0	0	0	0	51	149	0	0	0	0	0	1093	111	0	2320	0	0	0	0	317	404	0	0	0	0	0	377	0	0	0	0	0	0	0	0	0	0	0	182	0	0	0	0	0	3826	0	0	8	0	0	0	0	0	0	0	0	36	132	0	0	0	0	0	0	0	0	0	0	0	0	1453	0	90	205	0	0	23	170	1288	0	0	0	26	76	17	130	0	0	0	0	30	0	173	0	56	0	0	6	0	0	0	12	0	0	0	0	0	0	0	0	0	0	0	0	0	0	0	0	0	0	0	0	0	0	0	0	53	1996	0	0	0	0	0	0	0	0	0	0	0	0	0	0	0	0	0	426	0	179	0	338	0	0	0	9	0	0	0	0	0	0	116	179	0	0	12	311	0	0	0	0	0	6	14	0	0	0	0	0	0	0	0	0	0	0	5	47	0	0	0	0	0	0	0	0	410	0	0	0	0	65	0	717	0	0	149	0	0	0	193	0	4377	0	10	0	37	0	0	0
RTF200	0	0	0	0	4	0	0	0	0	234	11	0	0	0	0	532	0	494	0	329	34	0	5023	961	0	0	0	0	8	0	164	0	38	0	0	0	0	13	0	0	0	0	0	0	434	0	0	0	15241	0	0	0	0	0	0	0	0	10	50	0	0	0	0	0	0	0	0	1224	67	0	0	0	0	0	348	155	0	561	0	0	0	0	20	60	0	0	0	0	0	144	0	0	0	0	0	0	0	0	0	0	0	108	51	0	0	0	0	5168	0	0	0	0	0	0	0	0	0	0	0	0	6	0	0	0	0	0	57	12	0	0	0	0	0	445	0	416	99	0	0	11	98	270	0	0	0	0	16	30	24	0	0	0	0	5	0	51	0	17	0	0	3	0	0	0	2	0	0	0	0	0	0	0	0	0	0	0	0	0	0	0	0	0	0	0	0	0	0	0	0	100	948	0	0	0	0	0	0	0	0	0	0	0	0	0	0	0	0	0	82	0	79	0	148	0	0	0	0	0	0	0	0	0	0	1697	264	0	0	13	72	0	0	0	0	0	0	10	0	0	0	0	0	0	0	0	0	0	0	10	19	0	0	0	0	0	0	0	0	101	0	0	0	0	0	0	172	0	0	27	0	0	0	20	0	992	0	22	0	73	0	0	0
RTF221	0	0	0	42	0	0	0	0	19	36	25	0	0	0	0	36	0	1227	0	72	60	0	334	0	4	0	0	0	0	0	0	0	3	0	0	0	6	36	0	0	0	0	0	0	8	0	0	0	462	0	3	0	0	0	0	0	0	0	0	0	0	0	141	0	0	32	0	0	148	0	0	35	0	0	64	0	0	0	0	368	0	0	0	0	25	50	0	0	0	254	37	0	0	0	0	0	0	0	14	0	0	114	0	0	0	0	0	87	0	0	0	0	0	0	0	51	29	0	0	0	0	0	0	0	0	0	0	0	0	0	0	5	0	221	0	0	73	0	75	0	0	126	32	0	0	0	0	14	0	0	0	0	0	0	10	0	0	0	24	0	0	0	0	0	0	0	0	0	0	0	0	5	0	0	0	0	0	0	0	0	0	0	11	0	0	0	0	0	140	138	78	6	0	0	32	0	0	0	0	0	0	0	20	127	20	333	0	0	0	0	0	0	61	0	0	0	0	0	0	0	0	0	0	29542	259	0	0	44	0	0	115	0	0	0	0	0	0	0	6	0	0	0	9	0	21	0	0	0	0	0	0	0	0	0	12	0	19	22	0	0	0	33	23	0	11	0	112	0	0	0	67	37	0	61	21	13	126	14	0	0	0
RTF224	0	0	0	0	0	0	0	0	210	111	57	0	111	49	0	98	13	2082	0	783	35	0	3068	9	0	0	0	0	0	0	8	5	67	0	22	0	25	37	0	0	0	25	0	19	0	0	0	0	3686	0	0	0	0	0	0	0	0	0	0	0	0	0	0	0	0	0	0	0	11	0	0	21	0	0	21	0	0	56	0	0	0	0	0	46	0	0	0	0	0	28	0	0	0	0	0	0	12	0	0	19	0	2445	6	4	0	0	5	0	0	0	66	6	0	34	0	0	0	0	0	31	0	20	0	23	0	0	0	0	0	38	13	0	28	1680	73	20	76	0	194	0	21	740	43	0	0	0	0	22	51	0	0	0	0	0	88	43	0	255	30	0	0	14	0	0	18	0	0	19	4	6	0	0	0	0	0	0	0	0	0	0	7	0	0	0	0	0	0	0	52	61	0	0	0	0	0	0	0	25	0	0	0	0	32	0	230	0	0	0	0	0	0	0	34	0	0	0	0	0	0	0	0	4	0	12967	198	0	0	173	7	0	351	0	0	0	0	50	0	0	0	107	0	0	277	0	14	0	0	14	11	0	28	0	0	0	0	0	27	123	44	0	0	220	628	0	49	122	337	38	6	51	257	174	16	818	61	171	279	38	0	0	0
RTF226	0	0	0	0	0	0	0	0	2	0	0	0	0	0	0	0	0	0	0	0	0	0	0	0	0	0	0	0	0	0	0	0	0	0	0	0	0	0	0	0	0	0	0	0	0	0	0	0	106	0	0	0	0	0	0	0	0	0	0	0	0	0	0	0	0	0	0	0	0	0	0	0	0	0	0	0	0	0	0	0	0	0	0	0	0	0	0	0	0	0	0	0	0	0	0	0	0	0	0	0	0	0	0	0	0	0	0	0	0	0	0	0	0	0	0	0	0	0	0	0	0	0	0	0	0	0	0	0	0	0	0	0	0	0	0	0	6	0	0	0	0	0	0	0	0	0	0	0	0	0	0	0	0	0	0	0	0	0	0	0	0	0	0	0	0	0	0	0	0	0	0	0	0	0	0	0	0	0	0	0	0	0	0	0	0	0	0	0	6	0	0	0	0	0	0	0	0	0	0	0	0	0	0	0	0	0	0	0	0	0	0	0	0	0	0	0	0	0	0	0	0	0	641	46959	0	0	0	0	0	0	0	0	0	0	0	0	0	0	0	0	0	0	0	0	0	0	0	0	0	0	0	0	0	0	0	0	0	0	0	0	0	0	0	0	0	0	0	0	0	0	0	0	0	0	0	0	0	0	0	0	0
RTF227	0	0	0	0	0	0	0	0	0	0	6	0	0	0	0	0	0	126	0	112	0	0	448	0	0	0	0	0	0	0	0	0	8	0	0	0	0	0	0	0	0	0	0	0	7	4	0	0	5258	0	0	0	0	0	0	0	0	0	0	0	0	0	0	0	0	0	0	0	41	0	0	0	0	0	0	0	0	6	0	0	0	0	0	0	0	0	0	0	0	51	0	0	0	0	0	0	0	0	0	0	0	40	0	0	0	0	0	0	0	0	0	0	0	0	0	0	0	0	0	0	0	0	0	0	0	0	0	0	0	0	0	0	0	148	0	0	4	0	0	0	0	50	0	0	0	0	0	0	7	0	0	0	0	4	0	0	0	7	0	0	0	0	0	0	0	0	0	0	0	0	0	0	0	0	7	0	0	0	0	0	0	0	0	0	0	0	0	0	104	94	0	0	0	0	0	0	0	0	0	0	0	0	0	0	0	0	0	0	0	0	49	0	0	0	0	0	0	0	2	0	0	0	3087	31423	0	0	0	14	2	0	241	0	0	0	0	0	0	0	0	0	0	0	0	0	0	0	0	5	0	0	3	0	0	0	0	0	0	5	0	0	0	9	14	0	0	0	0	0	0	0	15	14	0	6	0	7	0	0	0	0	0
RTF229	0	0	0	0	0	0	0	0	0	0	0	0	4	0	0	0	0	106	0	0	0	0	25	0	0	0	0	0	0	0	0	0	0	0	0	0	0	0	0	0	0	0	0	0	0	0	0	0	0	0	0	0	0	0	0	0	0	0	0	0	0	0	0	0	0	0	0	0	0	0	0	0	0	0	0	0	0	0	0	0	10	0	0	0	0	0	0	0	0	0	0	0	0	0	0	0	0	0	0	5	0	0	0	0	0	0	0	0	0	0	0	0	0	0	0	0	0	0	0	0	0	0	0	0	0	0	0	0	0	0	0	0	0	13	0	0	0	0	0	0	0	0	0	0	0	0	0	0	0	0	0	0	0	0	0	0	0	0	0	0	0	0	0	0	0	0	0	0	0	0	0	0	0	0	0	0	0	0	0	0	0	0	0	0	0	0	0	0	0	0	0	0	0	0	0	0	0	0	0	0	0	0	0	0	0	0	26	0	0	0	0	0	0	0	0	25	0	0	0	0	0	0	0	41483	0	39	0	0	0	0	0	0	0	0	0	0	0	0	0	0	0	0	0	0	0	0	0	0	0	0	0	0	0	0	66	0	0	0	0	0	0	0	0	0	0	0	0	0	0	0	0	0	0	0	0	0	0	0	0	0	0
RTF252	0	0	0	0	5	0	0	0	12	130	144	0	0	0	0	3226	20	820	34	1142	39	0	7953	0	3	0	0	0	0	0	175	35	54	0	6	0	0	102	0	0	0	0	0	0	374	0	0	0	17863	0	0	0	0	0	0	0	0	0	30	0	0	0	0	0	0	0	0	15	18	0	0	0	0	0	1342	146	0	1159	0	0	0	0	394	204	0	0	0	0	0	1429	0	0	0	0	0	0	0	0	0	0	0	80	0	0	0	0	0	1636	0	0	4	0	0	0	0	0	0	0	0	48	25	0	0	53	0	0	0	16	0	0	0	0	0	1034	0	84	616	0	0	86	28	622	0	0	0	0	14	57	154	0	0	0	0	0	0	199	0	111	0	0	0	0	0	0	24	0	0	0	0	0	0	0	0	0	0	0	0	0	0	0	0	0	5	0	0	0	0	0	0	121	908	0	0	0	0	0	0	0	0	0	0	0	0	0	0	0	0	0	216	0	70	0	41	0	0	0	22	0	0	0	0	0	0	550	296	0	0	65	123	0	0	0	0	0	0	51	0	0	0	0	0	0	0	0	0	0	0	37	39	0	0	0	8	0	0	0	0	280	0	0	0	0	448	0	405	38	0	256	0	0	0	278	0	104	0	28	0	13	0	0	0
RTF253	0	0	0	0	11	0	0	0	8	103	73	0	0	0	0	2202	34	570	10	839	18	0	5196	0	0	0	0	0	0	0	120	27	49	0	6	0	7	57	0	0	0	0	0	0	309	0	0	0	20614	0	0	0	0	0	0	0	0	0	0	0	0	0	0	0	0	0	0	10	36	0	3	0	0	0	650	310	0	870	0	0	0	0	245	140	0	0	0	0	0	1030	0	0	0	0	0	0	0	0	0	0	0	45	0	0	0	0	0	1439	0	0	0	0	0	0	0	0	0	0	0	47	0	0	0	39	0	0	0	11	0	0	0	0	0	661	0	70	449	0	0	43	24	443	0	0	0	0	14	33	135	0	0	0	0	3	0	91	0	85	0	0	0	0	0	0	26	0	0	0	0	0	0	0	0	0	15	0	0	0	0	0	0	0	0	0	0	0	0	0	0	272	791	0	0	0	0	0	0	0	0	0	0	0	0	0	0	0	0	0	136	0	100	0	134	0	0	0	11	0	0	0	0	50	0	2055	3380	0	0	42	163	0	0	0	0	0	0	12	0	0	0	0	0	0	0	0	0	0	0	25	27	0	0	0	0	0	0	0	0	162	0	0	0	0	242	0	244	30	0	129	0	0	0	237	0	96	0	30	0	12	0	0	0
RTF254	0	0	0	0	34	0	0	0	37	431	107	0	0	0	0	2241	60	838	0	3068	32	0	9221	0	73	0	0	0	14	0	211	85	238	0	52	0	127	77	0	0	0	0	0	0	250	0	0	0	14806	0	0	0	0	0	0	0	0	3	83	0	0	0	0	0	0	0	7	0	53	0	0	0	0	0	536	17	0	1058	0	0	0	0	288	124	0	5	0	0	0	760	0	0	13	0	54	7	0	0	0	0	0	47	0	0	0	0	0	711	0	0	0	0	0	0	0	0	0	45	0	670	17	21	0	239	0	0	31	22	36	0	0	0	0	1797	0	365	955	0	0	157	98	840	0	0	0	0	0	75	563	22	0	0	0	55	0	111	0	125	0	0	5	0	0	0	24	0	0	0	19	0	0	0	0	0	296	0	0	0	0	0	0	0	0	0	0	0	0	0	0	130	1112	0	0	0	0	0	0	0	0	0	0	0	0	0	57	0	0	0	181	0	84	0	130	0	0	0	66	0	0	0	0	9	0	1081	496	15	0	175	41	0	5	0	0	0	0	86	0	0	34	0	0	0	0	0	0	0	0	178	25	9	0	0	0	0	0	0	0	341	0	0	0	0	229	0	333	19	0	396	0	0	12	294	0	361	0	234	8	71	0	24	0
RTF255	0	0	0	0	0	0	0	0	18	249	80	0	0	0	0	812	0	645	14	489	0	0	5312	0	0	0	0	0	0	0	62	27	21	0	6	0	20	84	0	0	0	0	0	0	210	0	0	0	15703	0	0	0	0	0	0	0	0	10	0	6	0	0	0	0	0	0	0	0	19	0	0	0	0	0	309	137	0	478	0	0	0	0	102	86	0	0	0	0	0	734	0	0	0	0	0	0	0	0	0	0	0	40	0	0	0	0	0	1087	0	0	0	0	0	0	0	0	0	0	0	79	0	0	0	0	0	0	43	0	16	0	0	0	0	472	0	184	346	0	0	33	0	333	0	0	0	0	0	36	87	0	0	0	0	7	0	77	0	59	0	0	0	0	0	0	5	0	0	0	0	0	0	0	0	0	0	0	0	0	0	0	0	0	5	0	0	0	0	0	0	119	579	0	0	0	0	0	0	0	0	0	0	0	0	0	0	0	0	0	95	0	115	0	114	0	0	0	11	0	0	0	0	27	0	2758	411	0	0	97	47	0	0	0	0	0	0	16	0	0	11	0	0	0	0	0	0	0	0	22	38	0	0	0	7	0	0	0	0	115	0	0	0	0	39	0	268	31	0	88	0	0	0	122	0	196	0	112	4	7	0	0	0
RTF256	0	0	0	0	0	0	0	0	28	148	42	0	0	0	0	866	11	1169	0	294	67	0	7550	416	0	0	0	0	0	0	300	37	56	0	0	0	21	52	0	0	0	0	0	0	437	0	0	0	15697	0	0	0	0	0	0	0	0	0	0	29	0	0	0	0	0	0	0	0	268	0	0	0	0	0	107	324	0	896	0	0	0	0	58	85	0	0	0	0	0	1141	0	0	0	0	0	0	0	0	10	0	0	26	12	0	0	0	0	437	0	0	0	0	0	0	0	0	0	0	0	181	0	0	0	0	0	0	25	15	0	0	0	0	0	534	0	149	343	0	0	50	59	539	0	0	0	0	0	80	156	0	0	0	0	42	0	161	0	42	0	0	48	0	0	0	13	0	0	0	0	0	0	0	0	0	0	0	0	0	0	0	0	0	0	0	0	0	0	0	0	153	1597	0	0	0	0	0	0	0	0	0	0	0	0	0	0	0	0	0	155	0	239	0	369	0	0	0	0	0	0	0	10	20	0	900	440	0	0	118	138	0	20	0	0	0	0	0	0	0	15	0	0	0	0	0	0	0	0	24	23	0	0	0	0	0	0	0	0	180	0	0	0	0	98	0	289	18	0	74	0	0	0	230	0	2423	0	48	0	4	0	0	0
RTF257	0	0	0	0	9	0	0	0	13	113	51	0	0	0	0	1029	0	1071	0	217	71	0	8146	334	0	0	0	0	0	0	285	12	67	0	10	0	23	48	0	0	0	0	0	0	499	0	0	0	16262	0	0	0	0	0	0	0	0	0	0	18	0	0	0	0	0	0	0	0	216	0	0	0	0	0	143	539	0	1026	0	0	0	0	95	79	0	0	0	0	0	1028	0	0	0	0	0	0	0	0	0	0	0	19	17	0	0	0	0	1594	0	0	0	0	0	0	0	0	0	0	0	111	29	0	0	0	0	0	21	0	0	0	0	0	0	531	0	131	268	0	0	64	51	544	0	0	0	3	11	93	151	0	0	0	0	22	0	118	0	36	0	0	52	0	0	0	0	0	0	0	5	0	0	0	0	0	20	0	0	0	0	0	0	0	0	0	0	0	0	0	0	143	1524	0	0	0	0	0	0	0	0	0	0	0	0	0	0	0	0	0	158	0	174	0	299	0	0	0	13	0	0	15	0	0	0	563	374	0	41	71	215	0	11	0	0	0	0	12	0	0	0	0	0	0	0	0	0	0	0	22	25	3	13	0	0	0	0	0	0	151	0	0	0	0	131	0	282	21	0	58	0	0	0	271	0	2429	0	39	0	16	0	0	0
RTF258	0	0	0	0	0	0	0	0	18	241	26	0	0	0	0	393	0	576	20	266	46	10	14743	305	4	0	0	0	0	0	197	11	14	0	0	0	32	34	0	0	0	0	0	7	266	0	0	0	9985	0	0	0	0	0	0	0	0	0	0	14	0	0	0	0	0	0	0	0	152	0	0	0	0	0	71	161	0	570	0	0	0	0	25	71	0	0	0	0	0	581	0	0	0	0	0	0	0	0	10	0	0	20	0	0	0	0	0	1019	0	0	0	0	0	0	0	0	0	0	0	78	11	0	0	0	0	0	0	23	14	0	0	0	0	544	0	391	261	0	0	121	58	384	0	0	0	6	0	71	178	0	0	0	0	18	0	106	0	75	0	0	28	0	0	0	6	0	0	0	0	0	0	0	0	0	11	0	0	0	0	0	0	0	7	0	0	0	0	0	0	49	886	0	0	0	0	0	0	0	0	0	0	0	0	0	0	0	0	0	122	0	122	0	331	0	0	0	7	0	0	0	0	0	0	409	230	0	0	35	89	0	0	0	0	0	21	44	0	0	13	0	0	0	0	0	0	0	0	58	31	12	0	0	2	0	0	0	0	150	0	0	0	0	84	0	139	11	0	68	0	0	0	184	0	1501	0	268	0	11	0	0	0
RTF259	0	0	0	0	0	0	0	0	32	125	18	0	0	0	0	627	15	1302	0	254	39	0	7536	450	0	0	0	0	0	0	206	12	54	0	8	0	23	51	0	0	0	0	0	0	797	0	0	0	21592	0	0	0	0	0	0	0	0	0	0	27	0	0	0	0	0	0	0	0	187	0	0	0	0	0	41	218	0	714	0	0	0	0	25	54	0	0	0	0	0	402	0	0	0	0	0	0	0	0	18	0	0	15	0	0	0	0	0	404	0	0	0	0	0	0	0	0	0	0	0	102	17	0	6	0	0	0	40	15	0	0	0	0	0	449	0	188	244	0	0	56	37	367	0	0	0	0	10	97	193	0	0	0	0	44	0	99	0	111	0	0	17	0	0	0	4	0	0	0	0	0	0	0	0	0	0	0	0	0	0	0	0	0	0	0	0	0	0	0	0	47	1250	0	0	0	0	0	0	0	0	0	0	0	0	0	0	0	0	0	75	0	80	0	267	0	0	0	0	0	0	0	0	0	0	252	220	0	0	68	120	0	0	0	0	0	0	12	0	0	16	0	0	0	0	0	0	0	0	36	6	0	2	0	0	0	0	0	0	151	0	0	0	0	96	0	199	13	0	35	0	0	0	149	0	1792	0	106	0	13	0	0	0
RTF260	0	0	0	0	19	0	0	0	68	106	76	0	0	0	0	1495	35	1604	0	583	125	24	13919	982	35	0	0	0	11	0	772	50	289	0	15	5	92	146	0	0	0	0	0	11	1050	0	0	0	12397	0	0	0	0	0	2	0	0	0	0	52	0	0	8	0	0	0	0	0	302	0	0	0	0	0	289	238	0	2422	0	0	0	0	137	223	0	0	0	0	0	949	0	0	0	0	0	3	0	0	0	0	0	48	8	0	0	0	0	1007	0	0	30	0	0	0	0	0	0	0	0	201	69	0	28	0	0	0	127	57	0	0	0	0	0	1481	0	167	511	0	0	50	121	1045	0	0	0	0	27	283	657	0	0	0	0	52	0	222	0	94	0	0	41	0	0	0	0	0	0	0	0	0	0	0	0	0	7	0	0	0	0	0	0	0	14	0	0	0	0	0	0	188	2763	0	0	0	0	0	0	0	0	0	0	0	0	0	0	0	0	0	297	0	186	0	393	0	0	0	10	0	0	3	0	0	0	596	333	0	0	83	247	0	0	0	0	0	0	62	0	0	31	0	0	0	0	0	0	0	0	63	51	10	0	0	0	0	0	0	0	563	0	0	0	0	422	0	662	60	0	167	0	0	0	453	0	4603	0	77	0	25	0	0	0
RTF281	0	0	0	0	0	0	0	0	26	135	26	29	0	0	0	0	0	1121	0	127	335	0	238	148	0	0	0	0	0	0	0	0	13	0	0	0	0	0	0	0	0	0	0	0	480	0	0	0	25395	0	0	4	0	0	0	0	0	0	0	0	0	0	0	0	0	0	0	0	0	0	0	5	0	0	0	0	0	29	0	0	0	0	0	0	0	0	0	0	0	210	0	22	0	0	0	0	0	0	0	0	0	0	0	0	0	0	0	786	0	0	0	0	0	0	0	0	0	0	0	0	0	0	0	0	0	0	0	0	0	0	0	0	0	134	0	0	28	0	0	11	0	292	0	0	0	0	0	0	26	0	0	0	0	0	7	8	0	7	0	0	0	0	0	0	2	0	0	0	0	0	0	0	0	0	23	0	0	0	0	0	0	0	0	0	0	0	0	0	187	10	152	0	0	0	0	0	0	0	0	0	0	0	0	0	0	0	0	0	19	0	121	0	97	0	0	0	0	0	0	0	0	17	0	13238	1162	0	0	22	0	0	47	0	0	0	0	0	0	0	0	0	0	0	0	0	0	0	0	0	16	0	0	0	0	0	0	0	11	0	0	0	0	13	0	0	7	0	23	0	0	0	26	7	0	33	0	0	8	17	0	0	0
RTF282	1431	0	0	13	0	10	0	0	101	42	355	176	128	85	0	152	98	917	0	230	69	13	2910	0	39	13	0	0	0	0	0	46	140	0	30	15	50	88	0	0	0	0	0	0	0	19	0	0	0	0	0	0	0	0	0	0	0	0	0	0	0	0	0	0	0	0	0	0	239	0	0	100	0	0	224	0	0	147	64	0	107	91	0	5	510	611	0	434	0	2066	25	21	186	6	0	0	0	0	1104	406	18	11	45	0	0	0	0	0	0	0	86	0	47	25	0	0	10	378	77	41	0	15	60	0	0	42	73	20	0	0	0	0	14	1196	18	46	7	0	286	0	262	529	0	0	0	0	14	22	0	0	0	0	0	32	27	49	0	504	36	0	0	7	0	0	92	14	71	33	0	0	128	574	0	0	0	63	0	0	43	11	0	0	0	0	62	0	95	14	0	0	0	231	77	0	83	0	56	0	0	0	0	0	403	928	722	102	0	107	88	0	156	34	0	0	0	23	62	0	0	0	0	0	0	0	0	43	0	13	57	21	761	0	0	0	19	0	0	0	0	96	402	8	201	0	47	7	0	0	5	0	117	0	0	16	30	0	189	25	138	45	0	269	321	5	0	177	258	13	0	0	576	337	11	537	68	84	350	0	14	439	0
RTF283	0	0	0	0	0	0	0	0	0	0	0	0	0	0	0	0	0	85	0	0	0	0	0	0	17	0	0	0	0	0	0	0	0	0	0	0	0	0	0	0	0	0	0	0	0	0	0	0	0	0	0	0	0	0	0	0	0	0	0	0	0	0	0	0	0	0	0	0	0	0	0	0	0	0	0	0	0	0	0	0	0	0	0	0	0	0	0	0	0	0	0	0	0	0	0	0	0	0	0	87	0	0	0	0	0	0	0	0	108	0	0	0	0	0	0	0	0	0	0	0	0	0	0	0	0	0	0	0	0	0	0	0	0	0	0	0	0	0	0	0	0	0	0	0	0	0	0	0	0	0	0	0	0	0	0	0	38	219	0	0	0	0	0	0	0	0	0	0	0	0	0	0	0	0	0	0	0	0	0	0	0	0	0	0	0	0	0	0	0	0	0	166	0	0	122	0	0	0	0	0	0	0	0	0	0	0	0	0	0	0	2	0	0	0	241	0	0	0	0	0	0	0	0	19772	0	0	0	0	0	0	2	0	0	0	0	0	0	0	0	0	0	0	0	0	0	0	0	0	0	0	0	0	0	0	27	0	0	0	0	0	0	0	0	0	0	0	0	0	0	0	0	0	0	0	0	0	0	0	0	35	0
RTF284	0	13	0	0	0	0	0	0	261	196	602	16	170	218	30	0	0	1887	21	88	49	0	1767	0	1038	143	0	0	0	0	0	0	12	0	0	0	23	128	0	0	0	0	0	0	0	0	7	0	0	0	26	0	0	0	5	0	0	0	0	0	11	0	0	0	0	0	0	0	91	0	0	0	0	0	0	0	0	0	0	0	0	0	0	220	0	0	0	0	0	0	0	0	0	0	0	0	0	0	0	93	0	0	0	0	0	0	0	0	0	0	171	0	0	0	0	0	0	0	0	6	0	33	0	0	0	0	0	0	0	0	8	0	33	682	13	90	262	0	140	0	0	367	16	52	0	0	0	0	0	0	4	0	0	0	116	11	0	692	48	0	0	3	0	0	0	0	0	229	0	0	0	0	0	0	19	0	0	0	0	0	0	0	0	0	0	0	0	0	11	0	0	875	0	0	0	0	0	0	0	0	0	0	0	97	130	0	0	0	0	0	0	30	0	0	0	0	0	0	0	0	0	0	0	14495	0	0	0	554	0	0	1598	0	0	0	0	0	0	40	0	70	0	0	192	0	43	0	0	0	20	0	0	0	0	0	0	0	154	0	102	0	0	179	354	0	2	69	220	40	0	0	323	93	0	480	71	0	73	0	49	0	0
RTF285	1001	0	0	9	0	35	0	7	147	216	367	72	75	90	0	10	5	2063	31	504	322	0	3549	11	7	0	0	0	0	0	0	0	0	0	12	0	22	19	0	0	0	8	0	0	6	0	0	0	0	0	0	0	0	0	0	0	0	0	0	6	0	0	0	0	0	14	0	0	34	0	0	36	29	0	265	0	0	69	19	0	58	11	0	11	103	65	2	413	0	2035	38	7	0	0	0	0	5	0	125	242	0	33	35	0	0	0	0	0	0	0	80	11	0	0	0	0	81	53	32	36	0	0	0	0	0	0	35	0	0	25	18	0	18	790	36	17	34	0	127	0	247	357	39	0	0	0	0	15	53	16	0	0	0	0	31	54	0	301	23	0	0	0	0	0	95	4	6	48	0	0	26	226	0	0	0	5	0	5	9	28	0	0	0	0	12	0	28	0	165	5	0	662	185	0	107	8	0	0	0	0	0	0	168	549	472	50	42	23	47	0	32	27	0	0	0	0	0	0	7	0	0	0	0	4531	0	0	0	339	37	0	2148	21	18	0	0	0	0	18	20	50	28	0	70	23	52	0	17	0	6	0	17	2	0	0	26	0	240	26	166	85	8	240	399	25	17	32	438	0	0	0	354	53	6	633	64	127	94	18	3	189	0
RTF287	0	0	0	0	0	0	0	0	0	26	0	0	0	0	0	0	0	20	0	14	0	0	155	0	0	0	0	0	0	0	0	0	0	0	0	0	0	0	0	0	0	0	0	0	0	0	0	0	0	0	3	0	0	0	0	0	0	0	0	0	0	0	0	0	0	0	0	0	0	0	0	0	0	0	0	0	0	0	0	0	0	0	0	0	0	0	0	0	0	0	0	0	0	0	0	0	0	0	0	0	0	3	0	0	0	0	0	0	0	0	0	0	0	0	0	0	0	0	0	11	0	0	0	0	0	0	0	0	0	0	0	0	0	11	0	0	0	0	0	0	0	49	0	0	0	0	0	0	0	0	0	0	0	0	0	7	0	22	0	0	0	0	0	0	5	0	0	0	0	0	0	0	0	0	0	0	0	0	0	0	0	0	0	0	0	0	0	0	19	0	0	0	0	0	0	0	0	0	0	0	0	0	0	0	0	0	0	0	0	0	0	0	0	0	0	2	0	0	0	0	0	0	0	41626	0	0	0	0	0	0	302	0	0	0	0	0	0	0	0	0	0	0	4	0	0	0	0	0	0	0	0	0	0	0	0	0	0	0	0	0	0	0	11	0	3	0	19	0	0	0	7	0	0	9	0	0	0	0	0	0	0
RTF289	0	0	0	0	0	0	0	0	0	0	5	0	0	0	0	0	0	0	0	0	0	0	21	0	0	0	0	0	0	0	0	0	0	0	0	0	0	0	0	0	0	0	0	0	77	0	0	0	0	0	0	0	0	0	0	0	0	0	0	0	0	0	0	0	0	0	0	0	0	0	0	0	0	0	0	0	0	0	0	0	0	0	0	0	0	0	0	0	0	0	0	0	0	0	0	0	0	0	0	0	0	0	0	0	0	0	0	0	0	0	0	0	0	0	0	0	0	0	0	0	0	0	0	0	0	0	0	0	0	0	0	0	0	0	0	0	0	0	0	0	0	0	2	0	0	0	0	0	0	0	0	0	0	0	0	0	0	0	0	0	0	0	0	0	0	0	0	0	0	0	0	0	0	0	0	0	0	0	0	0	0	0	0	0	0	0	0	0	180	0	0	0	0	0	0	0	0	0	0	0	0	0	0	0	0	0	0	0	0	0	0	0	0	0	0	0	0	0	0	0	0	0	0	45783	0	0	0	0	0	0	115	0	0	0	0	0	0	0	0	0	0	0	0	0	0	0	0	0	0	0	0	0	0	0	0	0	0	0	0	0	0	0	0	0	0	0	0	0	0	0	0	0	0	3	0	0	0	0	0	0	0
RTF290	0	0	0	0	0	0	0	0	0	0	0	0	0	0	0	0	0	12	0	0	9	0	63	0	0	0	0	0	0	0	0	0	0	0	0	0	0	0	0	0	0	0	0	0	173	0	0	0	0	0	0	0	0	0	0	0	4	0	0	0	0	0	0	0	0	0	0	0	0	0	0	0	0	0	0	0	0	0	0	0	0	0	0	0	0	0	0	0	0	0	0	0	0	0	0	0	3	0	9	0	0	0	0	0	0	0	0	0	0	0	0	0	0	0	0	0	0	0	0	0	0	0	0	0	0	0	0	0	0	0	0	0	0	3	0	0	0	0	0	0	0	0	0	0	0	0	0	0	0	0	0	0	3	0	0	0	0	0	0	0	0	0	0	0	0	0	0	0	0	0	0	0	0	0	0	0	0	0	0	0	0	0	0	0	0	0	0	0	0	0	0	0	0	0	0	0	0	0	0	0	0	0	0	0	0	0	0	0	0	0	0	0	0	0	0	0	0	0	0	0	0	0	0	42237	0	0	0	0	0	0	25	0	0	0	0	0	0	0	0	0	0	0	0	0	0	0	0	0	0	0	0	0	0	0	0	0	5	0	0	0	0	8	0	0	0	0	15	0	0	0	12	4	4	0	0	0	0	0	0	0	0
